Month,Food CPI,Subsidy_Index,TRI_norm,FAO Food Price Index,FAO Meat,FAO Dairy Index,FAO Cereals Index,FAO Oils Index,FAO Sugar Index,UCSB CHIRPS Rainfall: avg,Groundnut oil ** ($/mt),Palm oil ($/mt),Palm kernel oil ($/mt),Soybean oil ($/mt),Sunflower oil ($/mt),Maize ($/mt),Sorghum ($/mt),"Rice, Thai 5%  ($/mt)","Rice, Thai 25%  ($/mt)","Rice, Thai A.1 ($/mt)","Rice, Viet Namese 5% ($/mt)","Wheat, US SRW ($/mt)","Wheat, US HRW ($/mt)",Beef ** ($/kg),Chicken ** ($/kg),Lamb ** ($/kg),"Sugar, EU ($/kg)","Sugar, world ($/kg)",EUR/USD,"Crude oil, average ($/bbl)","Crude oil, Brent ($/bbl)","Crude oil, WTI ($/bbl)"
2001-01-01,3.53,0.0516742167358247,0.0,0.024621212121212203,-0.037953795379538025,0.1892430278884462,0.034548944337811846,-0.232811856731165,0.8414985590778096,-0.6775191588831935,0.20652881315820612,-0.27011494252873564,-0.5159235668789809,-0.1757213553638552,0.0,0.019937828277414506,0.13140810387284524,-0.23612261806130902,-0.21527777777777782,-0.15170670037926676,0.0,0.11982548701298704,0.25522063687045266,-0.010256410256410265,0.06250000000000006,0.01831501831501825,-0.11666666666666659,0.9166666666666669,-0.07439456867607379,0.025681548794942798,0.010244286840031583,0.08360836083608365
2001-02-01,0.84,0.0516742167358247,0.0,0.04000000000000003,0.018062397372742223,0.18055555555555558,0.015325670498084237,-0.22730213500107826,0.8685015290519876,1.2409105618461376,0.17952968893154755,-0.27710843373493976,-0.5362068965517242,-0.15131027546516182,0.0,-0.03342091434576991,0.08677272221604179,-0.23443983402489627,-0.21482412060301506,-0.14310333822684618,0.0,0.06675994403357978,0.18697303808023724,-0.02040816326530614,0.07086614173228353,0.059259259259259144,-0.1016949152542372,0.8333333333333334,-0.06275911704842697,0.000734753857457736,-0.010469314079422353,0.009904371584699425
2001-03-01,1.42,0.0516742167358247,0.0,0.04519774011299432,0.03343949044586001,0.19161676646706588,0.00967117988394584,-0.20117105813467162,0.8050314465408804,-0.43892084464605946,0.06458651538293696,-0.2722063037249284,-0.5,-0.09865470852017941,0.0,-0.05049973698053653,0.04218903303172343,-0.2248062015503876,-0.22,-0.1716171617161716,0.0,0.0648214836917378,0.23178807947019853,0.0,0.08730158730158738,0.0888888888888888,-0.08620689655172403,0.8181818181818182,-0.05684774382847016,-0.08985085485631135,-0.11175828176192211,-0.08957219251336909
2001-04-01,0.82,0.0516742167358247,0.0,0.024208566108007396,0.048154093097913325,0.18055555555555558,-0.01544401544401539,-0.23171717171717168,0.4504021447721181,-0.08890201488769041,-0.05692508324786965,-0.32526881720430106,-0.4955116696588869,-0.10984600262123202,0.0,-0.07573529411764714,0.04106866858026053,-0.23748544819557627,-0.2267037552155772,-0.18412162162162163,0.0,0.061981300556781235,0.23365997526400903,0.0,0.08730158730158738,0.11111111111111104,-0.034482758620689495,0.4615384615384615,-0.05802840699086535,0.09586706433745207,0.13753327417923697,0.06114551083591339
2001-05-01,2.99,0.0516742167358247,0.0,0.03333333333333328,0.036334913112164254,0.21807465618860514,-0.020833333333333228,-0.1780175320296696,0.3855140186915888,0.2835964770641842,-0.08332283345513192,-0.2777777777777778,-0.39544513457556935,-0.1266384590348256,0.0,-0.12724442138038394,-0.001894338034098007,-0.17255790533736146,-0.16072274881516602,-0.14345403899721446,0.0,-0.016589950134253968,0.20260388799714654,0.010050251256281305,0.09448818897637785,0.14062499999999994,-0.05454545454545459,0.4,-0.03510558828875067,0.013240161824200052,0.0405998536942209,-0.007630939993062743
2001-06-01,0.0,0.0516742167358247,0.0,0.01845018450184502,0.012698412698412653,0.15985130111524168,-0.0077821011673151474,-0.09503843466107613,0.08108108108108114,0.05919304284249759,-0.07100901499093396,-0.19047619047619047,-0.28440366972477066,-0.13108398703698104,0.0,-0.012095339736748442,0.12261785356068206,-0.14285714285714285,-0.10944527736131934,-0.06989247311827956,0.0,-0.018734891216760672,0.12087040789357764,0.06217616580310875,0.07692307692307682,0.09338521400778219,-0.07272727272727278,0.11111111111111122,-0.10115139577304229,-0.08946657663740723,-0.06603773584905663,-0.13496547394852482
2001-07-01,3.05,0.0516742167358247,0.0,0.04595588235294118,0.022328548644337982,0.1312949640287769,0.03815261044176718,0.11178814155144119,-0.08724832214765105,-0.20678235697426067,-0.06298437054508699,0.057692307692307696,-0.12219451371571072,0.24185086943707634,0.0,0.21867942075195973,0.28147042864894195,-0.10370370370370367,-0.07971014492753617,-0.03921568627450996,0.0,0.18438082702643416,0.13589649476968252,0.11578947368421064,0.07575757575757565,0.069767441860465,-0.05454545454545459,-0.09523809523809519,-0.08406630821514446,-0.11994322214336406,-0.13985278654048378,-0.11778445111778438
2001-08-01,1.16,0.0516742167358247,0.0,0.06542056074766354,0.06799336650082934,0.11607142857142858,0.06172839506172839,0.19952038369304556,-0.22291021671826614,-0.12519715881445953,-0.02159446418155783,0.1830065359477124,-0.04371584699453552,0.29967773318740115,0.0,0.23233659698332895,0.23851061059757833,-0.09785522788203753,-0.0684931506849315,-0.020869565217391306,0.0,0.1655111698030152,0.12513842746400888,0.16931216931216936,0.09022556390977435,0.07364341085271316,-0.03636363636363639,-0.21739130434782614,-0.003953196413088854,-0.11756664388243339,-0.126741420319402,-0.12328329607154262
2001-09-01,3.27,0.0516742167358247,0.0,0.05482041587901699,0.08249158249158246,0.08188153310104535,0.03643724696356284,0.18014036911879386,-0.23832528180354273,0.12300528994043877,-0.014488752152933881,0.0763888888888889,-0.03067484662576687,0.2323274344779032,0.0,0.11998010692527653,0.14425634824667463,-0.0335195530726257,0.0,0.032435442333124696,0.0,0.09899877400899058,0.038641586518001585,0.303867403314917,0.08088235294117638,0.20564516129032268,0.019230769230769246,-0.2272727272727272,0.04469679562157755,-0.21415211970074807,-0.21704475781728996,-0.22927117143700204
2001-10-01,2.39,0.0516742167358247,0.0,0.014897579143389145,0.04873949579831931,0.06260575296108284,-0.0039062500000000555,0.19021440351841656,-0.3684210526315789,-0.6083248772669817,0.009303188528717938,0.08627450980392157,-0.114308176100629,0.18791796700847077,0.0,0.017993649300246984,0.05604982206405685,-0.09013333333333336,-0.030934150076569748,0.06910420475319919,0.0,0.10236748777916234,-0.03775940084256517,0.2472527472527472,0.06617647058823518,0.18503937007874005,0.0,-0.375,0.05929437754173395,-0.3398089171974522,-0.3378596831555124,-0.3288956127080181
2001-11-01,4.69,0.0516742167358247,-0.5,0.01660516605166049,0.0033112582781457426,0.016778523489932886,-0.0038387715930902656,0.28139102734271304,-0.22764227642276422,0.1264633457882853,-0.013019581346396202,0.25680933852140075,-0.09951977401129948,0.23331649725361459,0.0,0.004149377593361047,-0.014877236787349217,-0.062162162162162166,0.007911392405063292,0.05675146771037182,0.0,0.12741013467687246,-0.01925937524465676,0.15736040609137047,0.0441176470588234,0.16988416988416988,0.019230769230769246,-0.2272727272727272,0.03727608044912773,-0.4218991648623569,-0.4175891758917589,-0.43002618562700023
2001-12-01,4.7,0.0516742167358247,-0.5,-0.0036496350364962726,-0.019867549668874104,-0.05324459234608989,-0.0316573556797021,0.32695332983744096,-0.21774193548387097,-0.29559381269805535,-0.04359250858339836,0.35660377358490564,-0.024637223974763416,0.2380135383847522,0.0,-0.05822058220582213,-0.045594823295171706,-0.026702849389416486,0.030015797788309637,0.037297297297297395,0.0,0.12625059552167697,-0.044109610430166334,0.11917098445595865,0.02205882352941162,0.14498141263940525,0.0,-0.2272727272727272,-0.005509283421290587,-0.2650793650793651,-0.25984878631118175,-0.3200704225352113
2002-01-01,4.32,0.07370278916822336,-0.5,-0.00554528650646958,0.01886792452830191,-0.11222780569514242,-0.040816326530612165,0.3217064663268042,-0.24569640062597803,1.1479927379430133,-0.1609885866300524,0.47165354330708664,0.08082236842105261,0.27679538072897875,0.0,-0.03331581713084605,-0.05599525128610998,0.03985900216919736,0.09671302149178264,0.06184798807749636,0.0,0.10247349823321557,-0.056684733514001814,0.1450777202072539,0.02205882352941162,0.12230215827338141,-0.018867924528301903,-0.2608695652173913,-0.058612937973396756,-0.2623266563944531,-0.23985959438377544,-0.33367174280879863
2002-02-01,8.14,0.07370278916822336,-0.5,-0.047619047619047644,-0.07096774193548384,-0.11260504201680677,-0.04905660377358493,0.3337984928830589,-0.337152209492635,0.19312226232525986,-0.23892834245697103,0.47075000000000006,0.32342007434944237,0.2012640726841795,0.02395577369691716,-0.012504077416548937,-0.04933974818302788,0.05869918699186999,0.10291200000000009,0.07076350093109869,0.0,0.062207232527637255,-0.03770197486535019,0.16145833333333337,0.02205882352941162,0.08741258741258742,-0.018867924528301903,-0.3636363636363636,-0.056059151246873995,-0.2665198237885462,-0.25975921196643564,-0.2992898207642882
2002-03-01,4.96,0.07370278916822336,-0.5,-0.05765765765765771,-0.07395993836671809,-0.1507537688442211,-0.04980842911877397,0.24659685863874328,-0.2787456445993031,1.089422597277321,-0.2327833572453372,0.41338582677165353,0.27064748201438854,0.09638921954643953,0.02395577369691716,-0.007091412742382278,-0.04121338912133889,0.08,0.17264957264957265,0.2051792828685259,0.0,0.12687216156150363,-0.05883256528417806,0.18686868686868693,0.007299270072992544,0.05442176870748304,-0.018867924528301903,-0.25000000000000006,-0.0370773879518461,-0.055155875299760154,-0.029098360655737596,-0.10499265785609396
2002-04-01,6.63,0.07370278916822336,-0.5,-0.06545454545454547,-0.12404287901990803,-0.17815126050420171,-0.03333333333333339,0.28766763081777535,-0.21256931608133087,0.0281021636437804,-0.20757199436128082,0.43454183266932267,0.4412811387900356,0.1375724671022362,0.02395577369691716,-0.0097738379361291,-0.05726405090137849,0.16152671755725184,0.2345323741007194,0.22898550724637687,0.0,0.11771688594321883,-0.04588570987892334,0.13636363636363638,0.007299270072992544,0.04999999999999997,-0.05357142857142862,-0.21052631578947373,-0.006902626681614385,-0.011275272161741803,0.00039001560062394735,-0.04303428154631667
2002-05-01,3.25,0.07370278916822336,-0.5,-0.08960573476702509,-0.14329268292682915,-0.2774193548387097,-0.029013539651837523,0.412086409625376,-0.3659359190556492,-0.15120322852457765,-0.175896526603714,0.64491452991453,0.4325342465753425,0.35477860216146617,0.02395577369691716,0.07349268640742053,-0.052720371151412905,0.20184993610418053,0.24938236747370662,0.2032520325203252,0.0,0.08152120916626036,-0.0993623016461517,0.05472636815920415,0.007194244604316554,0.08904109589041104,0.019230769230769246,-0.38095238095238093,0.04900268352045705,-0.06823956442831212,-0.10755711775043933,-0.05487591751135967
2002-06-01,8.48,0.07370278916822336,-0.5,-0.06521739130434785,-0.11755485893416928,-0.3125,0.0196078431372549,0.43629343629343614,-0.36428571428571427,0.16898985988482343,-0.11213283301032251,0.6710980392156862,0.40705128205128205,0.5922827564571788,0.02395577369691716,0.12939623094466451,-0.00893455438909997,0.20636904761904754,0.2278114478114479,0.14836223506743737,0.0,0.18497228495175524,0.03772695119075687,0.004878048780487918,0.00714285714285715,0.15302491103202853,0.058823529411764754,-0.35000000000000003,0.11987497514363155,-0.09195402298850577,-0.12950937950937952,-0.07438316400580541
2002-07-01,12.71,0.07370278916822336,-0.5,-0.08084358523725838,-0.12792511700468012,-0.3545310015898251,0.05609284332688585,0.1836003372681282,-0.2738970588235294,0.28501555032537357,-0.025587120688224392,0.2794545454545455,0.22900568181818184,0.16202297322954237,0.02395577369691716,0.07587485010356473,0.06711125224939138,0.17827626918536002,0.18766404199475062,0.11078717201166194,0.0,0.14373032042970915,0.20615558607318843,0.004716981132075371,0.0,0.22826086956521754,0.09615384615384602,-0.26315789473684204,0.15281111865170058,0.0383064516129032,0.05012224938875307,0.018154311649016656
2002-08-01,7.69,0.07370278916822336,-0.5,-0.057894736842105214,-0.13354037267080757,-0.3584,0.12596899224806202,0.19252299080367843,-0.2231075697211156,0.24753801046491392,0.027802240979852833,0.23229281767955795,0.23817142857142862,0.1760509017754801,0.02395577369691716,0.16952974017607908,0.1960475139283087,0.13123328380386337,0.1437908496732026,0.05385435168738908,0.0,0.22792937399678986,0.3226706036745406,-0.04977375565610854,-0.027586206896551748,0.21660649819494587,0.05660377358490571,-0.22222222222222213,0.0858167400765427,0.0371804802478699,0.036186770428015554,0.03351548269581063
2002-09-01,2.81,0.07370278916822336,-0.5,-0.012544802867383437,-0.14307931570762047,-0.3301127214170692,0.2460937499999999,0.2484581497797357,-0.08879492600422824,-0.19360882531248513,0.06022119348426429,0.3701935483870967,0.3119303797468354,0.31312160793580734,0.02395577369691716,0.2670959147424512,0.2365000528373667,0.07861271676300574,0.06956521739130428,0.0031686105305737127,0.0,0.41154597006600363,0.5392936163238548,-0.135593220338983,-0.04081632653061228,0.15050167224080258,0.0754716981132074,-0.11764705882352951,0.07650161399195476,0.12177707259024198,0.10963194988253723,0.13591117917304749
2002-10-01,2.52,0.07370278916822336,-0.5,0.01834862385321101,-0.14262820512820512,-0.31687898089171973,0.2627450980392158,0.35704387990762126,0.10714285714285714,2.465136990996737,0.07167804621848743,0.5423826714801444,0.502183561157465,0.41696378307374765,0.02395577369691716,0.2673290203327172,0.19587194608256117,0.09173505275498245,0.09987357774968403,0.07558139534883729,0.0,0.3635336057734109,0.5430517269336792,-0.16299559471365643,-0.04137931034482763,0.15282392026578087,0.0754716981132074,0.13333333333333347,0.08306255454778097,0.3280270139893874,0.34521484375,0.30072137060414794
2002-11-01,4.28,0.07370278916822336,0.0,0.02722323049001815,-0.11056105610561061,-0.2491749174917492,0.21387283236994223,0.3240107727366893,0.021052631578947368,0.9849918142748774,0.146447425584855,0.43969040247678015,0.43200426639897116,0.48967211855947174,0.0,0.21655126200580746,0.21501742528250078,0.07636887608069164,0.10047095761381476,0.17222222222222222,0.0,0.3752148504640771,0.4159814800031931,-0.16228070175438594,-0.042253521126760445,0.15841584158415842,0.0943396226415093,0.0,0.12726742880986683,0.3130016051364365,0.276663146779303,0.3415007656967841
2002-12-01,0.02,0.07370278916822336,0.0,0.025641025641025616,-0.11655405405405414,-0.13356766256590513,0.14999999999999994,0.29440821971942316,0.014432989690721707,0.08998828239862465,0.23376791685026307,0.35888734353268426,0.5846243410200848,0.4892282107491117,0.0,0.16412712233347845,0.18139146761239178,0.039982155802152385,0.06748466257668712,0.14829152088141134,0.0,0.2372250423011845,0.3270173146030708,-0.0694444444444446,-0.021582733812949503,0.159090909090909,0.0943396226415093,0.058823529411764594,0.14106532554080323,0.5059395248380131,0.5333333333333332,0.524598653547385
2003-01-01,5.1,-0.7062385352296986,0.0,0.0446096654275094,-0.0925925925925926,-0.03207547169811326,0.12185686653771755,0.30572472594397065,0.051867219917012444,1.8041389523404578,0.4173643682695539,0.30045478865703584,0.4963325927504032,0.38938280487178173,0.0,0.15394651011089364,0.16097254244393208,0.0469361147327249,0.06772334293948126,0.06666666666666667,0.0,0.1302596975673898,0.1939190806799139,-0.07692307692307689,-0.014388489208632947,0.15384615384615383,0.13461538461538453,0.058823529411764594,0.20253907146244582,0.6057441253263709,0.6033863519753722,0.6734382935500254
2003-02-01,3.73,-0.7062385352296986,0.0,0.0942307692307692,-0.043402777777777776,0.005681818181818263,0.1468253968253968,0.30466624816907306,0.3753086419753087,3.255503780388741,0.6466328629979428,0.35120970026630394,0.3279494382022472,0.43162885015893876,-0.023395320688926434,0.16549218233869195,0.17594486917196067,0.017508831208723635,0.056113271049730094,0.04521739130434783,0.0,0.24157699770682675,0.22355613238157043,-0.10762331838565022,0.0,0.15112540192926052,0.13461538461538453,0.4285714285714285,0.23822030148212414,0.6456456456456457,0.6091670773780187,0.7277992277992278
2003-03-01,-1.34,-0.7062385352296986,0.0,0.06883365200764821,-0.07321131447587352,0.05917159763313609,0.1391129032258064,0.24380512389752204,0.22946859903381644,-0.5058339422056769,0.7353235824484071,0.2633704735376045,0.2148680783603215,0.45463656357005655,-0.023395320688926434,0.17843990626046194,0.165066550294567,0.042328042328042326,0.05102040816326531,-0.02809917355371901,0.0,0.10924369747899167,0.15725477395136278,-0.14042553191489365,0.02173913043478263,0.13548387096774192,0.11538461538461527,0.2,0.23390315254624333,0.2842639593908629,0.2807091599831152,0.36669401148482367
2003-04-01,-2.51,-0.7062385352296986,0.0,0.08754863813229573,-0.00874125874125874,0.07770961145194283,0.14401622718052742,0.21645905656524406,0.12676056338028166,0.8047049293957352,0.803046218487395,0.23037187213597354,-0.024123456790123413,0.4585018605403655,-0.023395320688926434,0.21037530127395845,0.20146231721034866,0.02523659305993697,0.04079254079254079,-0.04716981132075471,0.0,0.11337286485529695,0.1204332363401229,-0.12444444444444445,0.01449275362318842,0.11111111111111115,0.0943396226415093,0.13333333333333347,0.22455127501242578,0.005112072355485608,-0.02456140350877189,0.07545731707317076
2003-05-01,-2.63,-0.7062385352296986,0.0,0.11614173228346468,0.02135231316725971,0.17410714285714296,0.1593625498007968,0.18299767621998456,0.18085106382978716,-0.030658426705971253,0.9137534191740613,0.17902886389025996,-0.02168300262969159,0.3734777063692516,-0.023395320688926434,0.19076105018278497,0.16829919857524478,0.002531645569620253,0.0211864406779661,-0.037162162162162164,0.0,0.16445766837976747,0.1687798452165323,-0.11320754716981142,0.0142857142857143,0.17610062893081763,0.11320754716981121,0.23076923076923075,0.2630108527808068,0.015192832099727192,0.016541945647892797,0.04031065088757396
2003-06-01,-6.25,-0.7062385352296986,0.0,0.09302325581395343,0.017761989342806397,0.2261072261072262,0.10961538461538467,0.11039426523297498,0.16853932584269662,0.012770932796975712,0.9112779626906105,0.09405580456668149,-0.008792710706150373,0.19491692388520396,-0.023395320688926434,0.1407163354235306,0.09961685823754794,0.0036019144421967643,0.02122525091866383,0.014765100671140863,0.0,0.09390159390159393,-0.005150344618647329,-0.09223300970873784,0.028368794326241162,0.24382716049382716,0.12962962962962954,0.15384615384615377,0.22067419408858743,0.14005716619028188,0.141732283464567,0.20384163073304581
2003-07-01,-10.71,-0.7062385352296986,0.0,0.09177820267686433,0.10017889087656533,0.3103448275862069,0.03479853479853477,0.047907390917186196,0.07088607594936702,-0.016176593910117464,0.7904814625560667,0.08407938989152573,-0.04151545271722807,0.0853297387823458,-0.023395320688926434,-0.019049549093119823,-0.10951294514433098,-0.005511022044088148,0.006906077348066298,-0.014107611548556467,0.0,0.04412955465587035,-0.11847833366820706,-0.10328638497652581,0.04929577464788737,0.16224188790560465,0.03508771929824565,0.07142857142857129,0.14614245269441112,0.11029126213592233,0.1020566550252231,0.14227340267459132
2003-08-01,-7.31,-0.7062385352296986,0.0,0.07635009310986954,0.10035842293906813,0.33665835411471323,0.03098106712564539,-0.0429170159262363,0.08461538461538454,0.16711755909743106,0.7132838555741573,-0.015086641709072075,-0.07356470371054087,0.02573843858776739,-0.023395320688926434,-0.07592031579913715,-0.08516435225874493,0.024536331634529434,0.02,0.011258679970336328,0.0,0.10857362552864264,-0.07776261937244197,0.00476190476190466,0.0709219858156029,0.16320474777448066,0.035714285714285546,0.07142857142857129,0.13920359038625385,0.10828976848394319,0.12016522718738262,0.11314769122312292
2003-09-01,-2.31,-0.7062385352296986,0.0,0.07078039927404715,0.1560798548094374,0.3269230769230769,-0.05172413793103444,0.04675370501058572,-0.1415313225058005,0.48096721864307634,0.6733022108693736,0.0380214709483003,0.03545842680367607,0.10352601499001318,-0.023395320688926434,-0.0881373751533205,-0.06734467139560729,0.05894962486602358,0.04529616724738683,0.038978494623655796,0.0,-0.08877766069546884,-0.22476575809199317,0.11274509803921567,0.08510638297872349,0.1569767441860465,0.03508771929824565,-0.13333333333333328,0.1441457742885166,-0.04950495049504958,-0.04375441072688774,-0.046848668688911375
2003-10-01,0.51,-0.7062385352296986,0.0,0.09189189189189191,0.18878504672897198,0.3426573426573427,-0.059006211180124286,0.14686861810755622,-0.20645161290322583,-0.18660291396656675,0.6652985211776669,0.20557532066285938,0.18343614833723326,0.15076527233857376,-0.023395320688926434,-0.039288969917958085,-0.0465833039802748,0.05100671140939597,0.04310344827586207,-0.001589825119236884,0.0,-0.08927432725417676,-0.22519966372425382,0.2263157894736843,0.08633093525179865,0.19884726224783858,0.0701754385964913,-0.23529411764705885,0.19170414936369087,0.05375953505266983,0.07404718693284933,0.05095320623916807
2003-11-01,-1.81,-0.7062385352296986,0.0,0.09540636042402824,0.16697588126159554,0.28791208791208794,0.028571428571428525,0.0769832577061493,-0.2247422680412371,1.3340008701223178,0.5949266791451834,0.17844393789514434,0.1429854539081668,0.08353951890034365,0.0,-0.004131093362710023,-0.007127335940895204,0.03560910307898263,0.025962910128388084,0.000947867298578235,0.0,0.005749281339832443,-0.09488104634118832,0.35602094240837695,0.11029411764705875,0.2022792022792023,0.05172413793103453,-0.23529411764705885,0.16860347308698556,0.18663406682966593,0.18982630272952852,0.18302891933028914
2003-12-01,-2.15,-0.7062385352296986,0.0,0.12321428571428569,0.1950286806883366,0.2109533468559839,0.09866220735785963,0.09235231262402682,-0.20934959349593504,0.48095929983137037,0.4730357142857142,0.10480635388520439,0.1908970303092153,0.07838857587601314,0.0,0.03926701570680631,0.0312555182765318,0.06300268096514745,0.06609195402298851,0.05672609400324149,0.022391236441693774,0.08568107221006564,0.019017725258493375,0.2686567164179105,0.11764705882352934,0.23809523809523814,0.10344827586206906,-0.22222222222222213,0.206536579736903,0.07457870204374321,0.049438990182328196,0.09103260869565204
2004-01-01,-2.44,0.03894518255095839,0.0,0.15124555160142347,0.24675324675324684,0.18713450292397665,0.15344827586206905,0.10727611940298518,-0.2919132149901381,0.26150870619968025,0.47727389874539966,0.0845899076340746,0.15824265229329823,0.21499112294718153,0.0,0.08837384586395322,0.09830294276945298,0.05977584059775841,0.06882591093117409,0.125,0.022391236441693774,0.13349814585908518,0.11175723547891182,0.24509803921568626,0.11678832116788314,0.21944444444444433,0.1355932203389832,-0.27777777777777773,0.1874743366598143,0.020162601626016293,-0.002240000000000009,0.039150227617602396
2004-02-01,-2.34,0.03894518255095839,0.0,0.15114235500878737,0.18148820326678752,0.21092278719397356,0.1678200692041523,0.219887730553328,-0.35008976660682223,-0.35230142458341857,0.40980864774460124,0.18278645560331275,0.298783712321523,0.3055911796795745,0.0,0.167123287671233,0.15548026737478257,0.0729559748427673,0.0989010989010989,0.2096505823627288,0.022391236441693774,0.11877530723875825,0.06994166003712532,0.2010050251256282,0.1366906474820145,0.3212290502793297,0.15254237288135608,-0.35000000000000003,0.173907796843019,-0.047141119221411315,-0.05451761102603362,-0.02988826815642459
2004-03-01,-1.55,0.03894518255095839,0.0,0.20035778175313051,0.21364452423698368,0.21415270018621974,0.21238938053097345,0.2954583825763972,-0.2141453831041257,-0.1356200092619999,0.30500712004002617,0.286561569837945,0.5815351633499559,0.3194327489856847,-0.03173899245346314,0.2107007575757576,0.21893435714954565,0.20710659898477163,0.25159500693481274,0.4108843537414966,0.022391236441693774,0.20987940630797755,0.172554826881038,0.15841584158415833,0.1418439716312058,0.31534090909090906,0.1551724137931036,-0.22222222222222213,0.13465276952922384,0.1090250329380765,0.11404087013843102,0.10234093637454972
2004-04-01,-1.8,0.03894518255095839,0.0,0.21109123434704838,0.1904761904761904,0.24857685009487654,0.24468085106382986,0.283364109451066,-0.15208333333333326,-0.20727897378174143,0.24293620739877655,0.2980226626337411,0.8648634972041594,0.24322425586984667,-0.0669180255996176,0.26588279916556046,0.20400711543862926,0.23461538461538461,0.28359462486002246,0.5205091937765205,0.022391236441693774,0.24992050874403826,0.20170249603231863,0.23350253807106608,0.17857142857142858,0.30571428571428577,0.13793103448275876,-0.11764705882352951,0.10488956082451417,0.31885758998435065,0.3333333333333333,0.30085046066619425
2004-05-01,-0.83,0.03894518255095839,0.0,0.17813051146384468,0.16724738675958192,0.28897338403041817,0.18213058419243974,0.20347028973645429,-0.11711711711711703,0.1576322265505909,0.15283115887084817,0.18366312634965398,0.769884905798695,0.14332532226349143,-0.07529398587251152,0.1928551493162155,0.12947789634146345,0.1717171717171717,0.22821576763485477,0.4933333333333334,0.022391236441693774,0.14835462640340685,0.1533530571992109,0.4255319148936172,0.19014084507042256,0.20053475935828877,0.10169491525423738,-0.12499999999999993,0.0367324794338355,0.4412893323100539,0.46919798527702455,0.43227870600782087
2004-06-01,-0.23,0.03894518255095839,0.0,0.1773049645390072,0.21989528795811533,0.344106463878327,0.15077989601386485,0.06617172369270499,0.03124999999999993,-0.20217733640665383,0.024348164167861536,0.01070333111687868,0.46952704876591456,0.06575066410185945,-0.03843976067177828,0.1489797819808068,0.18723098995695836,0.12586037364798425,0.18018259935553177,0.4054232804232805,0.022391236441693774,0.08655369021222685,0.17807384849638383,0.47593582887700514,0.2137931034482759,0.12903225806451601,0.09836065573770501,0.0,0.04077136466857099,0.27292263610315176,0.2773139745916514,0.23835884076847932
2004-07-01,0.63,0.03894518255095839,0.0,0.1523642732049036,0.16422764227642267,0.3646616541353382,0.07433628318584076,0.1016315431679128,0.15839243498817976,0.13758949810794793,-0.011352195524127508,-0.0064449882023945755,0.5379959001567588,0.13863118872433727,-0.0032607275256238254,0.08304927176944522,0.07753146931046016,0.1624685138539043,0.21262002743484226,0.39767054908485855,0.022391236441693774,0.020783249321442474,0.1442030086612976,0.4712041884816755,0.1946308724832215,0.16497461928934007,0.1355932203389832,0.13333333333333347,0.0786186442638433,0.32528856243441767,0.351056338028169,0.327479674796748
2004-08-01,0.46,0.03894518255095839,0.0,0.12110726643598617,0.13680781758957652,0.35634328358208955,-0.013355592654423994,0.1462602907689612,0.10874704491725773,-0.3171687767670625,-0.05008155853748626,0.042743991260014505,0.5957955564411674,0.17250673854447424,-0.0032607275256238254,0.033677727001788206,-0.009799212220194161,0.22564102564102564,0.27843137254901956,0.41600000000000004,0.022391236441693774,-0.10432128736907813,-0.04995965572888655,0.38388625592417064,0.17218543046357615,0.15561224489795927,0.1551724137931036,0.13333333333333347,0.09312495927306548,0.4177897574123989,0.44250754274220594,0.4224192526915771
2004-09-01,1.58,0.03894518255095839,0.0,0.10847457627118653,0.10204081632653061,0.3278985507246376,-0.008264462809917356,0.11697286364402491,0.2864864864864865,-0.2081284968433075,-0.08738221824498608,0.06164523372116747,0.5586693689286465,0.07809755922726791,0.021867153293057925,-0.05966564181398918,-0.08668560432511678,0.1905364372469636,0.24722222222222223,0.3340879689521346,0.0,-0.0012286788089044226,0.03715149017992032,0.29074889867841414,0.12418300653594767,0.13316582914572858,0.11864406779661028,0.30769230769230776,0.08876449106573238,0.5476190476190478,0.6007380073800738,0.624115983026874
2004-10-01,-2.35,0.03894518255095839,0.0,0.07095709570957102,0.07232704402515726,0.28124999999999994,-0.02145214521452152,-0.023594005045258992,0.4173441734417344,-0.23583872240542167,-0.10790170688640383,-0.12388607373755034,0.3122628320351507,-0.040722717259066815,0.021867153293057925,-0.11006736882057115,-0.13383208645054026,0.24648786717752236,0.26859504132231404,0.2818471337579618,0.0,-0.009662512253185797,0.018242235182422337,0.19742489270386265,0.11258278145695359,0.10096153846153844,0.08196721311475418,0.4615384615384615,0.06823123190112265,0.6159944846604619,0.6836769178776614,0.7562664907651715
2004-11-01,-0.46,0.03894518255095839,0.0,0.05967741935483876,0.10015898251192376,0.281569965870307,-0.07407407407407403,-0.027458956850210672,0.3430851063829787,0.5941129084594879,-0.1176030124342111,-0.17041970802919706,0.274384283660757,-0.11009799879483674,0.021867153293057925,-0.13578539823008853,-0.19154337739648086,0.3402275077559461,0.3615127919911012,0.3358585858585858,0.0,-0.12501553373928176,-0.024789785113671865,0.06949806949806957,0.0927152317880794,0.11611374407582944,0.11475409836065584,0.3846153846153845,0.11018792936220022,0.44677197802197804,0.4963503649635036,0.5583788999678354
2004-12-01,1.17,0.03894518255095839,0.0,0.04928457869634342,0.11840000000000009,0.269681742043551,-0.07914764079147645,-0.07741755170486314,0.3110539845758355,-0.28016995110742704,-0.12029978678342461,-0.17327503149781373,0.12600260505929933,-0.13383331241370663,0.021867153293057925,-0.14186757826556312,-0.2235445205479452,0.403530895334174,0.4110512129380054,0.348159509202454,-0.021900849345719845,-0.12162247275933741,-0.07066497553904687,0.06274509803921574,0.06578947368421058,0.10633484162895922,0.10937499999999992,0.28571428571428553,0.09132544688499024,0.302635969302636,0.3244236551954561,0.3458904109589041
2005-01-01,2.87,0.03748531423306554,0.0,0.017001545595054006,0.040178571428571466,0.25123152709359614,-0.09566517189835583,-0.11331086773378266,0.5041782729805014,-0.7647384538458994,-0.1384577808792743,-0.20554596665591868,0.12598120993941522,-0.20851789275004948,0.021867153293057925,-0.16681094182825482,-0.2604586175721213,0.3490011750881316,0.3565656565656567,0.3228070175438596,-0.021900849345719845,-0.08608634293412014,-0.07659472133710099,0.059055118110236185,0.058823529411764754,0.08428246013667429,0.029850746268656577,0.4615384615384615,0.04012428344775134,0.369780044628626,0.4201411161000642,0.3674065420560747
2005-02-01,4.47,0.03748531423306554,0.0,0.010687022900763402,0.09216589861751152,0.19284603421461907,-0.10666666666666672,-0.18130423349986852,0.5552486187845301,0.943848921894325,-0.1384577808792743,-0.25082870969457394,0.0576547231270358,-0.2732084212995543,0.025217537402215495,-0.2379796017484216,-0.2686425231793327,0.35990621336459555,0.3525,0.2751031636863824,-0.021900849345719845,-0.10076830274938094,-0.06332486523328583,0.1297071129707113,0.03164556962025305,0.012684989429175392,0.014705882352941025,0.5384615384615385,0.029083260519750628,0.43057772103415265,0.4758665370910269,0.38093866973797885
2005-03-01,11.65,0.03748531423306554,0.0,0.005961251862891292,0.060650887573964626,0.1809815950920245,-0.10218978102189781,-0.1301967939528217,0.375,2.119325646398065,-0.08975020644095791,-0.21488552234713462,0.06469721526447615,-0.21139201949436479,0.029411764705882353,-0.2187719984356668,-0.2591995083352538,0.23107653490328,0.20789007092198586,0.10896817743490836,-0.021900849345719845,-0.02779375119800648,-0.09195333172961265,0.17521367521367529,0.012422360248447077,0.03671706263498919,0.04477611940298495,0.4285714285714285,0.07658140085701043,0.5129195129195128,0.570414201183432,0.474816226517833
2005-04-01,8.97,0.03748531423306554,0.0,-0.0251107828655835,0.04296296296296305,0.1580547112462007,-0.15242165242165245,-0.14885546108567704,0.3071253071253071,-0.3529190158497582,-0.07539481542520621,-0.20379097469785226,-0.07152839020419227,-0.1882342444160248,0.01436265709156194,-0.27880149812734084,-0.27674961119751157,0.23468328141225336,0.2050163576881134,0.04883720930232558,-0.021900849345719845,-0.1596285932332741,-0.15428022571737313,0.12757201646090535,-0.012121212121212133,0.03282275711159725,0.045454545454545324,0.2666666666666667,0.07947208770670995,0.5022248590922574,0.5545563549160671,0.4426586761100518
2005-05-01,8.76,0.03748531423306554,0.0,-0.004491017964071814,0.08358208955223873,0.12831858407079652,-0.13662790697674418,-0.12636017410228498,0.3545918367346938,-0.21445990306696097,-0.08333270334222882,-0.16227637433214803,-0.10520647806817703,-0.14328938148926684,0.04710144927536232,-0.25581032600218373,-0.18827498945592572,0.26637931034482765,0.22792792792792804,0.035714285714285685,-0.021900849345719845,-0.10235317915177673,-0.12459537042692224,0.03358208955223875,-0.029585798816568074,0.011135857461024459,0.04615384615384619,0.35714285714285704,0.0571918741246582,0.27342917997870064,0.2834915611814346,0.2362869198312237
2005-06-01,11.27,0.03748531423306554,0.0,0.01506024096385542,0.052932761087267355,0.08062234794908066,-0.09337349397590365,-0.021495610051468387,0.3053613053613054,0.15069547408924028,-0.052299055074526625,-0.04138370118845501,0.007115489874110492,-0.03711279953243723,0.036585365853658534,-0.2126175802789491,-0.1621061717738455,0.2445414847161572,0.1945392491467577,-0.00823529411764706,-0.021900849345719845,-0.04482180599081703,-0.08278402481582009,0.00724637681159421,-0.06818181818181825,-0.0351648351648352,0.0,0.3333333333333335,0.0021906585085084223,0.5163196398424311,0.5433361750497302,0.48277675519326846
2005-07-01,12.26,0.03748531423306554,0.0,0.028875379939209814,0.013966480446927375,0.06198347107438017,0.008237232289950576,-0.0058623881518049285,0.21836734693877558,0.033610707152978904,-0.054654360882359906,-0.0005497284341535282,-0.03639471249588389,-0.0724201758445165,0.023529411764705882,0.02546494992846926,0.09169854233433257,0.19934994582881907,0.16063348416289594,-0.013095238095238096,-0.021900849345719845,-0.005925700828078714,-0.04468791500664004,0.0,-0.0730337078651686,-0.07843137254901948,-0.044776119402985114,0.23529411764705868,-0.018643054146980666,0.48772763262074414,0.5006515506906438,0.4372856442920138
2005-08-01,14.78,0.03748531423306554,0.0,0.04320987654320983,0.042979942693409746,0.07702888583218699,0.030456852791878125,-0.04477383863080684,0.31130063965884863,-0.07678737682404822,-0.05628589248252457,-0.021085257781464112,-0.13338952363114182,-0.09025055817415023,-0.03361344537815126,-0.022873618452666944,-0.028912389638109926,0.18326359832635988,0.14548641542506568,0.0018832391713747914,-0.021900849345719845,0.020444513281189614,0.05711656875928956,-0.05479452054794526,-0.06779661016949158,-0.044150110375275976,-0.01492537313432837,0.29411764705882343,0.009566414651243737,0.4707699619771864,0.4894259818731118,0.4461264470169188
2005-09-01,12.14,0.03748531423306554,0.0,0.04892966360856251,0.052706552706552744,0.07366984993178725,0.025,-0.0342538101705145,0.3403361344537814,-0.1543303074677324,-0.03719542843958823,-0.030870131812258304,-0.13892002570655673,-0.09381648936170221,-0.10983606557377049,-0.015530806171452029,-0.02307615129928762,0.21253985122210414,0.17706013363028952,0.044848484848484846,0.0,-0.0720023156523626,0.057472025425412215,-0.06143344709897616,-0.03488372093023259,-0.04212860310421275,0.0,0.3529411764705882,0.0031585762229766924,0.4829326923076922,0.4518211157215305,0.4269540605268889
2005-10-01,12.6,0.03748531423306554,0.0,0.07087827426810468,0.08211143695014654,0.0636856368563686,0.04721753794266449,0.015349544072948407,0.31548757170172087,0.04864689275457973,-0.06883071898659017,0.03598812214687765,-0.051320295259112574,-0.008346329842842216,-0.10655737704918032,0.08689625759675862,0.03849434847515461,0.17377049180327858,0.15179153094462536,0.08024844720496897,0.0,-0.043693438914027195,0.11774891774891778,-0.03225806451612898,-0.023809523809523832,-0.08296943231441045,-0.030303030303030328,0.3157894736842105,-0.038042877568645286,0.24125426621160398,0.17462866318747497,0.17107981220657276
2005-11-01,8.3,0.03748531423306554,0.0,0.05022831050228306,0.07080924855491316,0.038615179760319654,0.010000000000000024,-0.022408126680609503,0.3940594059405942,-0.7260026006784959,-0.15454033633329786,0.02659422362024587,-0.06719706426433646,-0.004027156577986251,0.00819672131147541,0.01728000000000005,0.0023822414726583528,0.0715663580246914,0.05085784313725485,-0.009924385633270295,0.0,-0.06014770629171992,0.029060484128504895,-0.025270758122743625,-0.030303030303030196,-0.129511677282378,-0.07352941176470594,0.38888888888888895,-0.09280291148866653,0.3064324709233324,0.2901277584204414,0.20288957688338488
2005-12-01,5.15,0.03748531423306554,0.0,0.05757575757575753,0.06437768240343347,0.014511873350923596,0.01652892561983471,-0.0383217206906997,0.6196078431372548,0.3664276316915643,-0.1600642007733275,0.02364410578216049,-0.10076103500761042,-0.026084121291163966,0.029508196721311476,0.07076213439563896,0.06472598963502045,0.008086253369272238,-0.018147086914995225,-0.05915813424345848,0.0,-0.013408862756345938,0.06869435237538177,-0.02214022140221404,-0.030864197530864224,-0.16155419222903888,-0.09859154929577459,0.611111111111111,-0.11571887983276244,0.44544057377049184,0.4316347124117053,0.37427712236872546
2006-01-01,6.94,0.000944350941508102,-1.000671220436688,0.060790273556231005,0.01859799713876963,-0.02493438320209981,0.03636363636363641,0.008234362628661967,0.8055555555555556,3.47116357063332,-0.16639532152374462,0.09595091438666857,-0.054851136168686455,0.03048194161313901,0.08196721311475409,0.06649350649350655,0.11847077128250719,0.014808362369337979,-0.00874906924795243,-0.06719717064544646,0.0,0.011862146416789484,0.08835210625691772,-0.026022304832713696,-0.049382716049382755,-0.15546218487394964,-0.05797101449275352,0.8421052631578946,-0.07745462462376694,0.45357225971608106,0.43563685636856364,0.39854762921828285
2006-02-01,-0.04,0.000944350941508102,-1.000671220436688,0.06948640483383677,-0.032348804500703196,-0.028683181225554143,0.0746268656716418,0.043680745142122876,0.9733570159857904,-0.4899484564961492,-0.19553859985906252,0.12131178572273615,-0.04353249153064365,0.07572670606983632,0.12581699346405228,0.13798597833014653,0.1493119514573625,0.039655172413793106,0.015711645101663587,-0.06472491909385113,0.0,0.05387657110577598,0.1896540318846333,-0.018518518518518615,-0.061349693251533666,-0.16910229645093947,-0.07246376811594193,1.0,-0.08267091841635137,0.33199464524765737,0.3151887620719929,0.28482068390325266
2006-03-01,-3.06,0.000944350941508102,-1.000671220436688,0.034074074074074034,-0.051603905160390554,-0.05064935064935072,0.03902439024390242,-0.023673958645489938,0.9400000000000001,-0.24665134394348992,-0.2208830461934731,0.031410298386920714,-0.1835153125475706,-0.005683385752910724,0.22857142857142856,0.053764517420905135,0.07497666701234044,0.036720751494449186,0.007339449541284404,-0.058695652173913045,0.0,-0.06243427970557308,0.15530829856281864,-0.04727272727272724,-0.07361963190184043,-0.19166666666666665,-0.08571428571428563,0.8999999999999999,-0.08943992750632807,0.19611307420494706,0.17275810097965338,0.16097470924866158
2006-04-01,2.0,0.000944350941508102,-1.000671220436688,0.062121212121212036,-0.04261363636363636,-0.06036745406824158,0.09411764705882343,0.0259720301214079,1.0338345864661653,-0.2465208043669461,-0.23390894819466243,0.03940069016729997,-0.16158870720266544,-0.00996556019638005,0.26017699115044246,0.11882010801828,0.17568003440490257,0.01682085786375105,-0.017194570135746608,-0.031042128603104215,0.0,0.06568790676555175,0.28016751845542304,-0.05109489051094895,-0.08588957055214719,-0.16737288135593212,-0.05797101449275352,1.0526315789473684,-0.0515336990314961,0.3422195892575039,0.3582722715001928,0.3106117824773413
2006-05-01,3.86,0.000944350941508102,-1.000671220436688,0.07218045112781951,-0.04958677685950406,-0.06797385620915036,0.14141414141414138,0.0630546473610462,0.9604519774011298,0.29639286581087404,-0.2272749764956207,0.0749333333333334,-0.13860729219707146,0.09351648760176948,0.2041522491349481,0.15961014462376863,0.18216772316325472,0.04833219877467661,0.012472487160674898,-0.004537205081669692,0.0,0.1336287838954405,0.3477290169538824,-0.05415162454873643,-0.08536585365853654,-0.07488986784140966,0.0,0.9473684210526315,0.005958455239624271,0.4359188793644158,0.44216149578795966,0.42401124272234497
2006-06-01,-0.73,0.000944350941508102,-1.000671220436688,0.05934718100890207,-0.031249999999999965,-0.07068062827225138,0.12624584717607965,0.05105198019801976,0.7017857142857142,-0.2655494156308018,-0.20150019607679537,0.058578702678769176,-0.16961180124223604,0.07212353833794516,0.1495798319327731,0.12667353244078283,0.15257031008550534,0.09649122807017543,0.06857142857142857,0.027283511269276393,0.0,0.0692812452311917,0.3750440357922919,-0.07553956834532373,-0.07317073170731701,-0.04555808656036431,0.0,0.7000000000000001,0.03987251005424487,0.2672109853405085,0.26790646289817704,0.2578471360170244
2006-07-01,-5.69,0.000944350941508102,-1.000671220436688,0.0812407680945347,0.0013774104683196768,-0.07522697795071333,0.1421568627450981,0.09326505276225955,0.6633165829145727,-0.3234132160826792,-0.1598371432206625,0.09832350611634251,-0.09570070949684298,0.12249224958129923,0.03776683087027915,0.060174851190476185,0.13626893939393941,0.13965672990063227,0.11734892787524376,0.05476477683956572,0.0,0.09935040122277418,0.40703412803225136,-0.0676156583629893,-0.0666666666666666,-0.021276595744681024,-0.015625000000000014,0.6666666666666666,0.053706568079497606,0.28525811601915924,0.2834317471344218,0.26810976649054036
2006-08-01,-6.78,0.000944350941508102,-1.000671220436688,0.08136094674556214,0.027472527472527472,-0.10217113665389528,0.1428571428571428,0.1766117421212606,0.3528455284552846,0.22503787188958443,-0.10572483048665338,0.19126828398144838,0.020946651777673707,0.14925101803374036,0.08521739130434783,0.14674928690862596,0.1433709661304825,0.10562234794908064,0.0877199693955624,0.033834586466165356,0.0,0.1259011914699856,0.2714916979110872,-0.03623188405797089,-0.06060606060606053,-0.048498845265588904,-0.030303030303030328,0.3636363636363636,0.04221047980211453,0.16028437550492813,0.14854111405835538,0.12438423645320218
2006-09-01,-0.95,0.000944350941508102,-1.000671220436688,0.06705539358600596,0.01894451962110949,-0.1067344345616265,0.17886178861788618,0.12031250000000004,0.1724137931034483,0.3103901990714809,-0.07636612606444436,0.12697293007671287,-0.05653139861839125,0.10490498202362619,0.16390423572744015,0.2636222106901921,0.22779090068809688,0.08396143733567042,0.07019867549668879,0.04129930394431557,0.0,0.30138802245789126,0.22709911714983394,-0.025454545454545396,-0.06024096385542161,-0.07407407407407414,-0.04545454545454549,0.1739130434782609,0.03843046332259777,0.006970335548711294,-0.0033343918704349597,-0.026243515410436465
2006-10-01,-3.76,0.000944350941508102,-1.000671220436688,0.08057553956834525,0.006775067750677507,-0.08407643312101903,0.2866344605475041,0.08816045502170335,0.046511627906976785,0.26161490953706096,-0.023709568852517078,0.09985026737967903,-0.10543371889689253,0.06237254156441193,0.20550458715596331,0.39464390818128303,0.4193449019406509,0.050977653631285,0.036010558069381644,0.028058877644894176,0.0,0.4621469761939969,0.26371923970684613,-0.003703703703703789,-0.06097560975609748,-0.052380952380952424,-0.015625000000000014,0.040000000000000036,0.04965004434911521,-0.004811823337343206,-0.002392344497607665,-0.05628608082103909
2006-11-01,-1.31,0.000944350941508102,-1.000671220436688,0.12608695652173918,-0.020242914979757085,-0.033333333333333263,0.4075907590759075,0.19727995110024446,0.03551136363636363,0.018455054951829947,0.06383122460600082,0.2247053781872725,-0.04159747190558352,0.20886336392750438,0.13983739837398373,0.7252804865261611,0.8050124230312198,0.0666066606660666,0.062196307094266275,0.05369928400954654,0.0,0.45780128447298835,0.301390268123138,0.025925925925925866,-0.050000000000000044,-0.03658536585365841,0.015873015873015886,0.040000000000000036,0.09296683988174459,0.056322674418604675,0.05293482175008998,0.01458476321207964
2006-12-01,3.51,0.000944350941508102,-1.000671220436688,0.12893982808022922,-0.041666666666666775,0.062418725617685265,0.3886178861788619,0.3074499921247441,-0.13317191283292978,-0.5521033621747776,0.06383122460600082,0.37029009304871374,0.08447867298578214,0.29844139418963667,0.15764331210191082,0.5701977677697277,0.766880695940348,0.0873440285204991,0.09046692607003891,0.10399032648125756,0.0,0.3798241151246456,0.2424592556555583,0.018867924528301987,-0.02547770700636945,-0.009756097560975618,0.03125000000000003,-0.10344827586206887,0.1144301055732747,0.08080808080808084,0.09797356828193837,0.04359535431745503
2007-01-01,-0.16,0.0,0.0,0.1246418338108883,-0.007022471910112359,0.13324360699865417,0.3572567783094097,0.29213130202607185,-0.3046153846153846,-0.9467658090030616,0.041276380737689,0.38893366735649715,0.07113626612983072,0.30140156392885803,0.09696969696969697,0.6051631758402338,0.7393680445151034,0.07467811158798283,0.07643192488262919,0.1554502369668247,0.0,0.2207269700332963,0.17294807370184254,0.026717557251908334,0.019480519480519497,-0.009950248756218805,0.0,-0.3142857142857143,0.07398908624706267,-0.14313160422670504,-0.14582350165172256,-0.17165546731826514
2007-02-01,4.17,0.0,0.0,0.1299435028248588,0.04941860465116288,0.18523489932885903,0.34259259259259267,0.27511924911524865,-0.4113411341134113,0.2775692838622841,0.02330896715600404,0.3614686642751637,0.08954647175309517,0.34085922703321014,0.01451378809869376,0.6554653225053674,0.7030263033845573,0.04477611940298507,0.06187443130118289,0.18800461361014995,0.0,0.18231155778894478,0.111988434163701,0.022641509433962283,0.06535947712418291,-0.010050251256281416,0.015625000000000014,-0.425,0.09514296364237944,-0.035845896147403696,-0.03604806408544732,-0.03846153846153842
2007-03-01,1.44,0.0,0.0,0.16189111747850998,0.08676470588235302,0.25581395348837216,0.35211267605633817,0.29558011049723765,-0.3945641986879101,-0.2597507177177449,0.09701733046398242,0.3987344451028527,0.1883728813559322,0.33005919348871615,-0.049247606019151846,0.6200475059382422,0.6395909704804169,0.049983525535420154,0.09045537340619302,0.21168591224018468,0.0,0.18141034627786343,0.1413666590231598,0.026717557251908334,0.11258278145695359,0.005154639175257737,0.03125000000000003,-0.39473684210526316,0.10165254908485861,-0.005416051206302286,-0.0017670682730923603,-0.03641278422642708
2007-04-01,-3.02,0.0,0.0,0.19686162624821701,0.12462908011869422,0.4245810055865923,0.30721966205837176,0.3894547633313361,-0.4436229205175601,0.8502240159577651,0.15071080942622955,0.5621979407438539,0.38955991285403047,0.39460439641773365,0.0028089887640449437,0.41802822131451917,0.36735253772290827,0.04714640198511166,0.09023941068139964,0.18306636155606407,0.0,0.2446385456611278,0.09958414194621575,0.03461538461538456,0.15436241610738255,0.017811704834605556,0.030769230769230795,-0.46153846153846156,0.10145663028468997,-0.04281300573782546,-0.04315729699034628,-0.07880708831580463
2007-05-01,-6.07,0.0,0.0,0.21318373071528757,0.12318840579710146,0.4768583450210379,0.2772861356932153,0.4682190978324546,-0.43900096061479343,0.1406591971131704,0.24808956625683065,0.6871123790622674,0.5527711102353743,0.3406653181254145,-0.0014367816091954023,0.44807953004970613,0.318653305203938,0.03116883116883124,0.07173913043478265,0.1640838650865998,0.0,0.19785316724092245,0.013200807578816646,0.030534351145038195,0.16666666666666666,-0.04999999999999999,-0.014705882352941188,-0.43243243243243246,0.05808543713167402,-0.05125218404193375,-0.0386094885311297,-0.10545608346256878
2007-06-01,-3.66,0.0,0.0,0.2801120448179272,0.10518934081346425,0.704225352112676,0.3554572271386432,0.5443037974683546,-0.3966421825813221,0.29580817558737277,0.3251481175745291,0.7424920528693325,0.8107410662527818,0.39130796769627846,0.023391812865497075,0.5105118829981717,0.38353593135502323,0.0344,0.07130124777183601,0.18706697459584296,0.0,0.4630369630369632,0.14285714285714285,0.04280155642023359,0.17105263157894737,-0.04773269689737474,0.0,-0.411764705882353,0.06076044597330188,-0.0014643432420560626,0.03572465872785353,-0.048498519667277765
2007-07-01,-2.16,0.0,0.0,0.30464480874316935,0.0990371389270977,0.8934081346423564,0.35765379113018597,0.541234918381831,-0.36656596173212486,0.277411311899967,0.4184107177110782,0.7117445563991106,0.6547299850641519,0.4081046332597896,0.11708860759493671,0.2881831739626284,0.15401283440286695,0.04248573240329751,0.07048150732728536,0.19121683440073187,0.0,0.5683698296836984,0.1777404534900953,0.019083969465648786,0.16233766233766234,-0.012077294685990296,0.07936507936507943,-0.3714285714285714,0.08135851145006474,0.015873015873015754,0.04465493910690117,-0.003494623655914047
2007-08-01,-4.48,0.0,0.0,0.3556771545827634,0.0681818181818183,1.0128022759601707,0.4669540229885058,0.5336505778382054,-0.2704326923076923,0.27567152636236036,0.4130643427518426,0.5547673417437202,0.5948134427097115,0.4581131956088456,0.1346153846153846,0.2965949052234324,0.3131772107654667,0.047430197972303016,0.07797277810994273,0.20227272727272727,0.0,0.7113777298463196,0.36764783318413996,0.011278195488721731,0.15483870967741933,-0.0024271844660193657,0.06250000000000006,-0.26666666666666666,0.063317043123716,-0.02339507032446744,-0.03817416111941315,-0.0090361445783134
2007-09-01,-5.35,0.0,0.0,0.43852459016393436,0.0810092961487385,1.0640113798008535,0.616551724137931,0.6492329149232914,-0.1925133689839572,-0.04371742517324576,0.41156576045662613,0.6658125342304984,0.7047114447081331,0.6227774549680418,0.07911392405063292,0.30956878850102665,0.3660393140945212,0.051099611901681795,0.08292079207920788,0.21323529411764702,0.0,0.9352867158008271,0.6661904275946527,0.0037313432835820097,0.15384615384615383,0.07499999999999996,0.09523809523809515,-0.18518518518518523,0.09185055909530053,0.2356728911783646,0.22877170622909018,0.25211532434973355
2007-10-01,5.06,0.0,0.0,0.43675099866844225,0.07806191117092863,1.058414464534075,0.5181476846057571,0.7310866574965611,-0.1402777777777778,-0.28500698893031584,0.4817428853952155,0.8013147146913535,0.7927763131938091,0.6392933253078688,0.0395738203957382,0.1546739818527116,0.18056861752152217,0.09368770764119598,0.14067333939945398,0.31185682326621916,0.0,0.6461040602720332,0.5802253760196142,-0.007434944237918222,0.14285714285714285,0.10301507537688434,0.12698412698412692,-0.15384615384615388,0.12817595626062858,0.41547228457952,0.4193216855087358,0.4596431605777401
2007-11-01,6.96,0.0,0.0,0.4259974259974259,0.11707988980716254,1.0424403183023871,0.41852286049237986,0.7389917038927889,-0.1426611796982168,0.33785831172589686,0.660004898803422,0.7470651013874066,0.8757465134666825,0.6894637914958487,-0.07845934379457917,0.040780357359912534,0.01801424382069538,0.15443037974683543,0.19945105215004574,0.4099660249150623,-0.03442513207170932,0.5945371618119621,0.5347672644028996,-0.018050541516245425,0.12499999999999996,0.12151898734177204,0.14062499999999994,-0.15384615384615388,0.1399091712256148,0.5710354317165464,0.5822503419972641,0.6025706071368172
2007-12-01,-0.22,0.0,0.0,0.4555837563451777,0.14726507713884993,0.8678090575275397,0.5480093676814985,0.6691964823515238,-0.07402234636871505,5.564009794303305,0.7952390888225637,0.6012973732983959,0.7738602487865023,0.7013264195267289,-0.17744154057771663,0.12389325352288319,0.09612566672527974,0.1825245901639345,0.23935771632471003,0.4530996714129245,-0.025504592682727176,0.8188569923623914,0.804219078850766,0.011111111111111039,0.10457516339869276,0.061576354679802964,0.09090909090909081,-0.07692307692307698,0.10274733833324298,0.46778160354156406,0.46766169154228854,0.47354838709677416
2008-01-01,6.89,0.0,0.0,0.5337579617834396,0.17114568599717106,0.7885985748218526,0.6568742655699179,0.8731007657712411,0.09292035398230085,2.414977740528045,0.8515173005860176,0.7599868253893568,0.9690662887249089,0.8358596360403252,-0.1685082872928177,0.254233173514596,0.21491002570694073,0.20000000000000007,0.2714584787159803,0.468416735028712,0.00022773247779833531,0.9536879190817139,0.8904472892334372,0.02973977695167289,0.08280254777070056,0.07788944723618092,0.12307692307692301,0.08333333333333341,0.13226562251488364,0.694506726457399,0.6928176795580112,0.7142330383480826
2008-02-01,8.19,0.0,0.0,0.6050000000000001,0.11634349030470902,0.6976217440543603,0.8482758620689657,1.0348738988777602,0.2782874617737001,-0.8856211374675772,0.9522792793679219,0.9662585244885307,1.0564019209456965,0.9777494965316628,-0.15450643776824036,0.24087961657738935,0.20958813108945978,0.4753968253968254,0.2490145672664952,0.6805825242718446,0.10673505166603069,1.2030488495976424,1.1252125212521253,0.06642066420664212,0.06748466257668718,0.14720812182741108,0.12307692307692301,0.30434782608695643,0.12805226706031722,0.6224808895066017,0.6416204986149584,0.6097890295358649
2008-03-01,12.03,0.0,0.0,0.6325524044389644,0.1583220568335587,0.6623093681917211,0.8900462962962963,1.0919213456526888,0.26470588235294135,0.14121214554363473,0.9668975843670925,1.0837607613514293,1.0771743161137577,1.0704838462929225,-0.14388489208633093,0.3744648407718024,0.3234290421275594,0.8639972385226095,0.21738549427053752,1.049327183318721,0.17981485512192313,1.489676041295835,1.208538422903064,0.11895910780669139,0.06547619047619054,0.22820512820512825,0.16666666666666663,0.2608695652173912,0.17253331873156189,0.6805280528052805,0.6620534277438043,0.7404290429042903
2008-04-01,12.77,0.0,0.0,0.5578069129916565,0.1477572559366755,0.4598039215686275,0.9118683901292597,0.826326002587322,0.2906976744186046,-0.427279098495873,0.9722863741339491,0.7756540453292082,0.7885131575646591,0.8869974791030913,-0.15126050420168066,0.613355155482815,0.6070090957731407,1.8657187993680884,0.231081081081081,1.9503675048355897,0.15741547874409414,0.8453243567067952,0.8265846402097726,0.17472118959107813,0.05232558139534888,0.22249999999999992,0.16417910447761191,0.33333333333333354,0.16530896784307988,0.6716876729173071,0.6348664688427298,0.7613387550828904
2008-05-01,16.95,0.0,0.0,0.5063583815028903,0.18451612903225803,0.3703703703703705,0.817551963048499,0.7159102244389028,0.27910958904109595,0.003158628162478135,0.9268006943672447,0.6253722015954123,0.6525350406644748,0.8230886268543169,-0.051798561151079135,0.5194408038444737,0.5881607892807148,1.8394206549118384,0.23191345503718716,1.8480814408770556,0.13094794429326803,0.4111074233875428,0.6797465767422849,0.2999999999999998,0.051428571428571476,0.24060150375939848,0.14925373134328354,0.28571428571428586,0.15140505113913322,0.8819828115408226,0.8366923532898635,0.9702127659574468
2008-06-01,18.59,0.0,0.0,0.45185995623632363,0.1878172588832487,0.1892561983471075,0.7442872687704026,0.6995806328631338,0.30434782608695654,0.1571424567033379,0.8394076550647382,0.5521189644618874,0.442349199136658,0.837304769313626,-0.03,0.737428139183056,0.6938432715291686,1.3418406805877803,0.21264559068219627,1.2996108949416343,0.12222346071503269,0.24245232405013903,0.5627241750358681,0.3656716417910447,0.06179775280898869,0.24060150375939848,0.14925373134328354,0.35000000000000003,0.1590475171767224,0.9287285525736914,0.8655356141334832,0.9844421395762337
2008-07-01,26.39,0.0,0.0,0.363350785340314,0.25657071339173965,0.06740740740740736,0.5616438356164382,0.5177749125069074,0.4006359300476947,0.1899979212555315,0.7260970141286166,0.4200720872536629,0.3631450165841989,0.6987329786274686,-0.056657223796033995,0.8070008172160172,0.5802700946053296,1.2255170316301702,1.2816166883963493,1.0986943164362521,0.1406527069252376,0.08793936438987622,0.37653621911832563,0.47191011235955066,0.08938547486033514,0.22493887530562345,0.14705882352941171,0.40909090909090906,0.14976421748641963,0.804755434782609,0.7340673575129534,0.7990288643107634
2008-08-01,34.85,0.0,0.0,0.22300706357214944,0.27784730913642036,-0.05653710247349823,0.33692458374143003,0.20230496453900718,0.48929159802306427,-0.10032956833915058,0.6485634721184541,0.16001926202371647,0.17728590075440806,0.4424543551134208,-0.08615819209039548,0.5547396970298341,0.39299973383018366,1.117557251908397,1.1451876019575857,0.7722117202268431,0.09874577737809599,0.0057896809767625,0.268009086358911,0.4275092936802974,0.08938547486033514,0.15815085158150838,0.08823529411764697,0.4545454545454546,0.099313991491002,0.6336803079994296,0.608050847457627,0.6114948880906329
2008-09-01,27.33,0.0,0.0,0.07122507122507123,0.23955773955773954,-0.16953824948311505,0.06911262798634807,0.01978858350951377,0.3857615894039736,0.14078130623890675,0.5188822297638818,-0.030071744771790584,0.07280144178366774,0.2286901010762368,-0.02346041055718475,0.46669593577521323,0.3226991611046475,1.1039999999999999,1.1257142857142857,0.5441689623507805,0.0888449589353796,-0.30717072264536505,-0.09490414650578798,0.3234200743494424,0.08333333333333329,0.05581395348837215,0.02898550724637684,0.3636363636363636,0.03404106804255758,0.2983324648254298,0.28432516530532875,0.30071330246527345
2008-10-01,20.03,0.0,0.0,-0.09360518999073224,0.19475655430711622,-0.27702702702702703,-0.13520197856553992,-0.2673023440603894,0.18901453957996764,0.30940703525535135,0.29761103015906065,-0.3135931764197798,-0.24910220372722996,-0.06466274350246612,-0.020497803806734993,0.11513157894736846,0.002696243642380034,0.8506986634264885,0.555520102105935,0.18775579809004098,0.1423681952692726,-0.4289049301182615,-0.2917201253170222,0.1647940074906367,0.09659090909090905,-0.018223234624145802,-0.2535211267605633,0.18181818181818185,-0.06363680783441944,-0.11321215078687326,-0.12092686459087613,-0.10814901047729925
2008-11-01,15.99,0.0,0.0,-0.19043321299638985,0.08384710234278683,-0.36493506493506495,-0.2066115702479339,-0.39794495412844033,0.1984000000000001,-0.3092710918245007,0.056622436934376845,-0.41791762219974565,-0.5385650224215247,-0.2767187609503119,0.030959752321981424,-0.04367883211678826,-0.11375661375661372,0.6140350877192983,0.34324942791762014,-0.013654618473895583,0.21071065989847712,-0.40523321956769054,-0.29508094838569343,0.0036764705882352156,0.12280701754385963,-0.0857787810383747,-0.3150684931506849,0.22727272727272735,-0.13290211717010955,-0.40913072038537335,-0.42461904247271154,-0.3954200084423808
2008-12-01,18.13,0.0,0.0,-0.2476024411508283,0.0,-0.37811271297509824,-0.28063540090771555,-0.43309757505773677,0.09653092006033191,-0.14038082503356125,-0.10976749826924924,-0.4140607850571731,-0.5246583900117022,-0.3722899985686983,0.20735785953177258,-0.12199722607489603,-0.2588631623977327,0.4744780547314718,0.21498286931736393,-0.13468206349684933,0.2841766421889146,-0.4807274622802699,-0.40279963105637245,-0.02564102564102558,0.13609467455621302,-0.08816705336426903,-0.26388888888888884,0.08333333333333341,-0.07693284189446735,-0.5382037533512064,-0.5453253143794423,-0.5464098073555167
2009-01-01,13.67,0.0,0.0,-0.27990033222591365,-0.056763285024154626,-0.4143426294820717,-0.2879432624113475,-0.46281635301752105,0.044534412955465744,1.9733440881067281,-0.18359910491089437,-0.413135498819231,-0.5650064936080991,-0.3829948445555382,0.21262458471760798,-0.16369882899448363,-0.2793529881976772,0.5441959531416399,0.2733260153677278,-0.11005586592178765,0.3017101974812564,-0.4325063261685233,-0.35490746236443105,-0.046931407942238226,0.12941176470588234,-0.11188811188811189,-0.2876712328767123,0.07692307692307698,-0.10050628869593049,-0.5163744624545153,-0.5119669277632725,-0.5510862551086255
2009-02-01,8.55,0.0,0.0,-0.34190031152647976,-0.057071960297766684,-0.4489659773182122,-0.3955223880597015,-0.5123050465516219,-0.02033492822966494,8.690792629950094,-0.22221998225949524,-0.483174763327369,-0.593833308183693,-0.4713224011257487,0.21658206429780033,-0.2575998545917208,-0.34036613272311217,0.27111350188273264,0.29733809001097705,-0.2616984402079723,0.16439326837909657,-0.5283601286173634,-0.4713176470588235,-0.12110726643598618,0.09770114942528732,-0.15929203539823006,-0.3150684931506849,-0.03333333333333337,-0.133145526729834,-0.5519862940357639,-0.5439780636996414,-0.5895365904801845
2009-03-01,4.18,0.0,0.0,-0.36329305135951667,-0.11098130841121497,-0.4698558322411533,-0.4047764849969382,-0.5385617214043035,0.01468788249694006,-0.14624641646125164,-0.26030961363340693,-0.520425204397264,-0.5974635914830506,-0.5091755444201136,0.1915966386554622,-0.29783239460658817,-0.3838527541901925,-0.00968013468013468,0.29390779363337,-0.3824404761904762,0.07984711893980308,-0.5621648673768499,-0.4747111798417175,-0.13289036544850497,0.055865921787709424,-0.21711899791231734,-0.3246753246753247,0.03448275862068969,-0.15951463250409775,-0.5419285153181461,-0.5464756003098373,-0.5494453399070826
2009-04-01,7.24,0.0,0.0,-0.33129303749043604,-0.09770114942528736,-0.46004029550033576,-0.3970497848801475,-0.4463136768785786,0.08751608751608747,0.8201415222651619,-0.32611006085230854,-0.39421714857095236,-0.49961778793893025,-0.4311187360694121,0.17656765676567657,-0.31626359357247197,-0.35849841851173636,-0.39396912899669245,0.22392974753018668,-0.5598751753707369,0.08473786736681627,-0.4353646847849612,-0.355464759959142,-0.16455696202531644,0.03867403314917118,-0.17382413087934553,-0.3333333333333333,0.07142857142857129,-0.16254722072315173,-0.5376976829716807,-0.5385243670024503,-0.5577162138163736
2009-05-01,10.05,0.0,0.0,-0.2824251726784344,-0.11437908496732027,-0.4213444213444214,-0.34371029224904703,-0.3802464829670969,0.33065595716198126,-0.37707763668236355,-0.3757600234331312,-0.3421463304308493,-0.42279930191972076,-0.38129316280331316,0.1456752655538695,-0.2610285057093568,-0.3280725319006044,-0.4089598580616544,0.24588364434687165,-0.556777563926313,0.046589234636387276,-0.20635045080360637,-0.2046477673682929,-0.22507122507122496,0.04347826086956513,-0.13535353535353534,-0.2987012987012987,0.2962962962962961,-0.12255254869190718,-0.5258093451847019,-0.5325157334193965,-0.5269978401727862
2009-06-01,2.08,0.0,0.0,-0.2961567445365485,-0.10897435897435886,-0.41139680333564976,-0.3574547723019339,-0.4351727231942575,0.35600000000000004,0.08234103084308407,-0.4260685043083122,-0.39022277897634566,-0.47545232588943703,-0.41835378722739003,0.22385861561119294,-0.3747344223468357,-0.4163011556504825,-0.24108322324966974,0.3062568605927553,-0.4572758037225042,0.03638190076869315,-0.20813378346549427,-0.26369244010902315,-0.2513661202185792,0.02645502645502648,-0.08282828282828285,-0.2857142857142857,0.3333333333333332,-0.09878035553286528,-0.47422445255474455,-0.48425403983464865,-0.4801762114537445
2009-07-01,1.12,0.0,0.0,-0.30337941628264203,-0.151394422310757,-0.4094378903539209,-0.3623481781376518,-0.4544902912621359,0.29398410896708294,-0.10561260810484681,-0.4545458294159368,-0.42439924844249594,-0.4703465551903501,-0.4384132503417431,0.37537537537537535,-0.42877063390367076,-0.3885385248149163,-0.21831226511786814,-0.33785714285714286,-0.4139981701738335,0.09853042282571334,-0.28445711957628844,-0.31485770004265956,-0.29007633587786263,0.0,-0.09381237524950095,-0.282051282051282,0.32258064516129026,-0.10666027026336422,-0.5131370925242792,-0.5151266153731232,-0.5192682561103613
2009-08-01,-3.1,0.0,0.0,-0.22854785478547857,-0.16356513222331037,-0.3408239700374532,-0.3267399267399267,-0.2784987464975668,0.5353982300884956,0.03469812066541299,-0.46020484677691803,-0.22574384839710668,-0.3176765731144706,-0.32075599410366723,0.5440494590417311,-0.35344424116070283,-0.31991019394286807,-0.24116798846431145,-0.34182509505703423,-0.34826666666666667,0.1464513538832137,-0.36691858871441446,-0.3612376267686888,-0.27083333333333337,-0.02051282051282053,-0.042016806722689114,-0.24324324324324317,0.5312499999999999,-0.04723625745226858,-0.3747927031509121,-0.3631971892841458,-0.3907750342935528
2009-09-01,-1.03,0.0,0.0,-0.174645390070922,-0.1625371655104064,-0.21078838174273865,-0.2833200319233839,-0.2267186333858529,0.7037037037037036,-0.24127787084801713,-0.46730341206214754,-0.14790198784533057,-0.2951543622810813,-0.2854573612429435,0.6726726726726727,-0.3568954457985889,-0.3434100273135502,-0.24137174612459777,-0.3425499231950845,-0.27866317792578493,0.21251406707179837,-0.2922643786030299,-0.3534427338859753,-0.21067415730337077,-0.04102564102564095,-0.008810572687224677,-0.23943661971830976,0.7000000000000001,0.013371123560318832,-0.31416817178406586,-0.3166767615586514,-0.33192226284394843
2009-10-01,-2.99,0.0,0.0,-0.03067484662576687,-0.13688610240334387,-0.04018691588785044,-0.1058150619637751,0.032100639843834815,0.9035326086956522,0.1727016478014403,-0.4548465632431208,0.13985057019268576,-0.031439419170052656,-0.04830615471125585,0.9118086696562033,-0.08603736479842675,-0.027989977388009436,-0.19080837094788675,-0.1532307692307692,-0.14314429289303668,0.16703136396790666,-0.055346385542168634,-0.1623135900244334,-0.11575562700964627,-0.05181347150259061,0.03480278422273791,-0.07547169811320761,0.923076923076923,0.11216536001353364,0.019122300178841665,0.004805052169137758,-0.010964626027933735
2009-11-01,-4.05,0.0,0.0,0.10256410256410259,-0.04550625711035267,0.15644171779141103,0.020833333333333332,0.24052176033158604,0.8397863818424566,1.1594830426314164,-0.4043549096175231,0.31325591397849467,0.466511175898931,0.1292815270577976,1.039039039039039,0.04805519936496291,0.10122719734660027,-0.016757246376811596,0.045428733674048836,0.09771986970684039,0.14041339985744836,0.11848289430538861,-0.06969363015208288,0.03663003663003666,-0.0572916666666666,0.12839506172839518,0.0,0.8148148148148147,0.171402802354669,0.4369093941078377,0.44703230653643883,0.3614941525571653
2009-12-01,-3.4,0.0,0.0,0.16801853997682503,0.03300733496332522,0.18861959957850358,0.04100946372239754,0.3693189051559517,1.0027510316368637,-0.6047125040424236,-0.3291271449573989,0.39944486070431157,0.5464423219309937,0.260693447790222,0.9404432132963989,0.03980791103247827,0.20021645021645024,0.11132004512974812,0.22097156398104265,0.40418118466898956,0.03344822183926062,0.15163683007082704,-0.06309621150177154,0.08270676691729313,-0.0572916666666666,0.13994910941475833,-0.07547169811320761,1.0,0.08655849829908434,0.8113207547169808,0.795815295815296,0.79753861003861
2010-01-01,-5.44,0.0,0.0,0.17416378316032288,0.10115236875800264,0.23582766439909292,-0.0199203187250996,0.29379077071756454,1.1162790697674418,-0.584799065753371,-0.21257261385172882,0.261680965758105,0.5818345323741008,0.16541543759257615,1.0123287671232877,-0.03193889949661523,0.055657053373352486,-0.019310344827586284,0.10043103448275867,0.31889516635279336,-0.005082065953922474,0.01880990210650396,-0.1585880975283343,0.1439393939393939,-0.04687499999999993,0.17847769028871396,-0.07692307692307698,1.0714285714285712,0.07806173807078713,0.7583219334245327,0.7024074899687919,0.8773358888356492
2010-02-01,-0.65,0.0,0.0,0.1751479289940828,0.13815789473684212,0.23002421307506055,-0.03292181069958851,0.3048394941634242,0.9218559218559218,-0.3499249514912152,-0.16571628521811255,0.26590000915108447,0.5816010614772225,0.2160799315178429,1.376912378303199,-0.009670706328803918,0.06889613543328944,-0.09437156157427,0.004061343204653656,0.2676056338028169,-0.06869009584664537,0.04608671938914653,-0.13658818817036805,0.2637795275590551,-0.036649214659685785,0.1868421052631579,-0.07999999999999996,0.931034482758621,0.07047486448645653,0.7868068833652008,0.7185476410730804,0.9517241379310345
2010-03-01,2.95,0.0,0.0,0.14472123368920525,0.149802890932983,0.2558714462299133,-0.055555555555555615,0.3539084550251565,0.39324487334137503,0.4024616924641141,-0.14212946678651922,0.30636809593023256,0.7005714285714286,0.2468284271462003,1.5937940761636107,-0.033483228001944525,0.11624215311350014,-0.14628134296642586,-0.054931071049840886,0.1355421686746988,-0.060323933366675665,0.03396472893533643,-0.1727422287643951,0.30268199233716475,-0.021164021164021066,0.18133333333333326,-0.13461538461538464,0.36666666666666664,0.03974795302473709,0.69989281886388,0.6923569598633644,0.7098063973063972
2010-04-01,3.58,0.0,0.0,0.11098398169336371,0.14777070063694261,0.36442786069651734,-0.07543323139653407,0.1658848614072495,0.20473372781065086,-0.1528721926237468,-0.04981158408932317,0.0787920470176316,0.4310441485634197,0.11587234884065852,1.6129032258064515,-0.0677744807121661,-0.030686388997015635,-0.15221860388960642,-0.08369955156950669,0.021836923168588148,0.00031231700175694295,0.028145876683824258,-0.17389814537199638,0.38636363636363635,0.0,0.1287128712871286,-0.13461538461538464,0.2,0.016330182027702263,0.6742243436754177,0.6711897738446412,0.6960449708893797
2010-05-01,-1.28,0.0,0.0,0.031016042780748723,0.10824108241082407,0.3389221556886227,-0.12294288480154891,0.00525279054497704,-0.05331991951710273,0.32179389804240033,-0.028210870569834037,-0.019825580729077214,0.246976440423782,-0.033868393246554704,1.4344370860927151,-0.09187927296981825,-0.07952273863068476,-0.1532270168855535,-0.12627753303964753,0.02047146401985119,0.07428879042610459,-0.05991306924824654,-0.305453571974912,0.3161764705882352,-0.005208333333333338,0.130841121495327,-0.2222222222222223,-0.02857142857142844,-0.07949310608807779,0.3004299226139296,0.3160165688643425,0.2469135802469136
2010-06-01,8.46,0.0,0.0,0.026766595289079226,0.09352517985611507,0.30342384887839435,-0.1475728155339806,0.052720413026211305,-0.03539823008849566,-0.14049517297207859,0.020958911271950424,0.04705986786207933,0.43321230651633863,-0.036554226582448585,1.3610108303249098,-0.14911987522281644,-0.14414532148457923,-0.23411662315056572,-0.17647058823529413,0.027279812938425563,0.08487504741034184,-0.0946857029545905,-0.3856374688279302,0.2153284671532846,-0.010309278350515474,0.14537444933920707,-0.25454545454545463,-0.027777777777777804,-0.1289880078839195,0.08069414316702817,0.09064412707665401,0.08230393565067494
2010-07-01,0.47,0.0,0.0,0.10253583241455344,0.07981220657276991,0.3254994124559342,0.008465608465608435,0.22502780867630687,-0.05350877192982451,-0.21993253182987696,0.0333391292514949,0.20895372809529253,0.6024159901191426,0.07623774075386991,1.232532751091703,0.08042488619119878,-0.010463378176382702,-0.2276223776223776,-0.14649406688241634,0.09227166276346607,0.03121455114414234,0.26561521380174236,-0.12910829441850122,0.17204301075268816,-0.0051282051282051325,0.18722466960352416,-0.23214285714285723,-0.07317073170731701,-0.09353521560497378,0.15323952373588984,0.15144045601602216,0.1907361197754209
2010-08-01,2.18,0.0,0.0,0.1529411764705882,0.08782201405152225,0.2761363636363636,0.22850924918389554,0.24486458865610639,-0.17435158501440934,-0.009113792908798761,0.056267077806102996,0.2649688358689097,0.6127184345694653,0.10460056469025082,0.6936936936936937,0.1554356409581469,0.007234670225468857,-0.13966745843230405,-0.047949162333911034,0.2078559738134206,0.041673151750972685,0.618172821178945,0.17055663830394066,0.21785714285714297,0.015706806282722526,0.5021929824561404,-0.23214285714285723,-0.16326530612244902,-0.09628666806840493,0.05863465028619298,0.05779310344827583,0.07796228539262584
2010-09-01,4.5,0.0,0.0,0.2255639097744361,0.09467455621301775,0.21976866456361732,0.40200445434298454,0.33887399463806966,-0.027349228611500742,0.42842400367521505,0.15749890473640665,0.34812815230517863,0.7977678826283042,0.20634365750774902,0.18402154398563733,0.3690404947137443,0.3036734118310653,-0.08144578313253012,0.04672897196261682,0.3586150041220115,0.05141817641817629,0.7447117509629348,0.4216861164896123,0.20640569395017797,0.03208556149732611,0.6088888888888889,-0.18518518518518523,-0.01960784313725492,-0.10264206048337284,0.11367959034381873,0.14920963214655059,0.08424539170506926
2010-10-01,8.16,0.0,0.0,0.26687763713080165,0.13680387409200984,0.1820837390457644,0.39232409381663114,0.46243564148366084,0.08708065667380455,0.31980356322940057,0.2734070727527651,0.4156017994645764,0.9544047864658554,0.27842809364548493,-0.08053166536356529,0.40941964018887095,0.2640050298648222,-0.014198782961460446,0.10707364341085268,0.43515415549597863,0.04121323529411757,0.5230313727723055,0.35896404324868003,0.2254545454545455,0.043715846994535436,0.7152466367713005,-0.08163265306122446,0.08000000000000007,-0.06199592169296955,0.1031317494600432,0.1329416586965433,0.08090273195196002
2010-11-01,12.34,0.0,0.0,0.25581395348837205,0.14898688915375446,0.049513704686118556,0.35102040816326535,0.5120872641509434,0.18142235123367198,0.35508911728066994,0.3400251812616679,0.482137476582867,1.1618247362561631,0.3210171818357323,-0.3004418262150221,0.3876718713586578,0.22432383591349925,-0.0520497466605251,0.037479630635524175,0.2692878338278932,0.04121323529411757,0.36089123424215763,0.2987111448066717,0.2367491166077738,0.03867403314917118,0.7636761487964989,-0.09999999999999998,0.18367346938775503,-0.08404731242525786,0.09000644745325602,0.11201973001038415,0.07999999999999993
2010-12-01,13.78,0.0,0.0,0.28373015873015883,0.15384615384615385,0.04078014184397171,0.411111111111111,0.5457419114912606,0.1936813186813188,0.03519685058684159,0.3913966849145847,0.5023423905768976,1.1898976599437427,0.40941153940270886,-0.4039971448965025,0.5215119105493436,0.3319507063420499,-0.09983079526226735,-0.06880155264434738,0.02580645161290317,0.07333434397028714,0.4946731234866827,0.4861575757575757,0.3472222222222222,0.03867403314917118,0.8370535714285714,-0.12244897959183673,0.19230769230769226,-0.09535373534005677,0.20205662393162407,0.22940940136601037,0.1968049402604378
2011-01-01,14.89,0.0,0.0,0.31434184675834986,0.13837209302325587,0.12660550458715594,0.4725609756097561,0.6292250233426706,0.1184371184371183,-0.8675576888606423,0.29630036141839083,0.5689028499903716,1.4321205230244458,0.48360219434034013,-0.4833219877467665,0.5835873528181219,0.5224673960071698,-0.09142053445850915,-0.08421464943204074,-0.03617325083293667,0.14646789511521427,0.6118321762752791,0.6231423032953924,0.3874172185430465,0.021857923497267777,0.8418708240534519,-0.0833333333333333,0.12068965517241391,-0.06393125959038963,0.20189315352697085,0.26083540657326176,0.14101582440020416
2011-02-01,9.42,0.0,0.0,0.38670694864048333,0.16184971098265896,0.2824803149606301,0.6106382978723405,0.6347963843071476,0.1588310038119441,3.067019664272009,0.2842485436893204,0.5990481927710843,1.5812416107382552,0.4956829705562092,-0.5219426565242832,0.8102595797280591,0.6431909645592626,-0.020560747663551402,-0.003518233720268852,0.03827160493827161,0.24532385853140565,0.7663190823774763,0.7944329896907216,0.2710280373831776,0.021739130434782507,0.8625277161862529,-0.021739130434782625,0.16071428571428564,-0.002685284640171927,0.3096575708935258,0.39900417171309366,0.1717052741787725
2011-03-01,5.85,0.0,0.0,0.39170984455958563,0.18399999999999994,0.33661417322834664,0.5849673202614379,0.4783830327200219,0.4060606060606061,-0.4698273591119256,0.24308666535056422,0.4391479202160332,0.9812429786551115,0.43406104909611765,-0.5622620989668298,0.8267211568689091,0.7203619909502262,-0.018817204301075245,0.02221723518850982,0.08289124668435013,0.2374616171954964,0.5958096441356073,0.6576826460121414,0.23235294117647073,0.02702702702702693,1.0248306997742667,0.02222222222222224,0.4146341463414634,0.03173906327101489,0.37011349306431285,0.44367352087801193,0.2667076923076923
2011-04-01,5.47,0.0,0.0,0.40370751802265725,0.19311875693673702,0.22607110300820416,0.6725468577728775,0.48856986100950983,0.48035363457760305,-0.224076584812571,0.19814632570026894,0.41369637537527076,0.8670192448949611,0.4514914214193148,-0.5936661298980139,1.0325311942959,0.9383575396559803,0.039163090128755365,0.09685075978173094,0.1924198250728863,0.17222807633766535,0.677087771623349,0.7427282625602737,0.18306010928961747,0.010638297872340436,1.230263157894737,0.04444444444444436,0.5000000000000001,0.07728723378861223,0.3808505583273935,0.4482231113203105,0.30160984848484834
2011-05-01,6.09,0.0,0.0,0.4014522821576762,0.19866814650388465,0.20035778175313051,0.665562913907285,0.5153494448073155,0.4473963868225292,0.021200634511126425,0.1943125534981382,0.43821538389589737,0.9256874060423841,0.5079058511442832,-0.5413492927094669,0.8843187660668382,0.7734645402103835,0.06662530742472247,0.130410668817909,0.28024316109422487,0.16597926222873222,0.6216571218410127,0.9562799405319088,0.16201117318435757,0.0,1.1239669421487604,0.11904761904761903,0.4117647058823528,0.14192246104146933,0.4291192806135941,0.5011147540983606,0.37366065373660645
2011-06-01,3.4,0.0,0.0,0.40563086548488014,0.1644736842105263,0.2255434782608696,0.6753986332574031,0.5163632934075262,0.5902140672782875,-0.23940092035341656,0.24413440927081587,0.4441187869392503,0.6778571428571428,0.5336634584088903,-0.5203873598369011,1.033453355155483,0.9883188273018784,0.16761363636363635,0.20854591836734693,0.29742033383915023,0.1758924756244415,0.5452305333479356,1.070336779349274,0.18318318318318313,0.0,0.9403846153846153,0.14634146341463414,0.6000000000000002,0.17855666871442033,0.41643249029840745,0.5200427578834848,0.27737226277372273
2011-07-01,8.08,0.0,0.0,0.33,0.14999999999999997,0.18439716312056736,0.4742917103882477,0.4169617724507402,0.6181649675625578,0.042593083033477586,0.4233833502820313,0.40147792001705307,0.29022615757712483,0.4683032871478446,-0.556479217603912,0.8366511968734733,1.0481117824773414,0.21831145314621997,0.2809656218402426,0.2843053173241852,0.1758904525281645,0.1984434047147741,0.5518333163108978,0.20489296636085624,-0.005154639175257737,0.8256029684601114,0.09302325581395345,0.631578947368421,0.11701532576350829,0.44703673907213737,0.5582017661225582,0.27452521283562553
2011-08-01,8.59,0.0,0.0,0.23098330241187376,0.12917115177610333,0.17453250222617994,0.28343666961913194,0.24357606107872906,0.4982547993019197,-0.09519338854867329,0.5002384565358766,0.27735687113899105,0.17648615878545673,0.33155911068342664,-0.524822695035461,0.7668299350723318,1.1096931659693163,0.2501380452788515,0.2955097087378641,0.260840108401084,0.17758021739942484,0.06119796643859176,0.32820304568527914,0.15249266862170088,0.0,0.39562043795620455,0.09302325581395345,0.48780487804878053,0.11237902413881126,0.3252011077409996,0.43538922936497587,0.12689295039164492
2011-09-01,5.54,0.0,0.0,0.14022787028921999,0.14702702702702697,0.09568965517241375,0.11596505162827636,0.1839807769323188,0.1917808219178084,-0.2487681709830607,0.4813311745203999,0.1985182530983897,0.0036994109521615785,0.263305836215057,-0.378316906747536,0.4340667346641411,0.5619794483504597,0.2565582371458552,0.23995535714285715,0.24757281553398058,0.1404964513964903,-0.031920668814013224,0.16288143703758234,0.12979351032448375,0.015544041450777216,0.32458563535911594,0.02272727272727275,0.17999999999999994,0.053799647968164103,0.3244876510772463,0.4253760123409177,0.1366715367246645
2011-10-01,1.82,0.0,0.0,0.04579517069109076,0.12779552715654952,0.039538714991762744,0.019142419601837674,-0.008550079034343998,0.03414313854235055,-0.12127935891962055,0.43846342060190857,0.018443601766374617,-0.2381012702769275,0.06657946370176578,-0.3120748299319728,0.16530257410627208,0.31153004377238375,0.23333333333333328,0.22582056892779004,0.14185639229422067,0.1299036050986901,-0.05218886687352801,0.06949635495688847,0.16320474777448066,0.026178010471204213,0.25359477124183,0.0,0.03703703703703707,-0.013777436633050033,0.22185511502692115,0.32018813314037625,0.055067155067154955
2011-11-01,-0.47,0.0,0.0,0.013687600644122406,0.11825726141078828,0.05391743892165115,-0.011329305135951661,-0.05790602456619222,-0.08968058968058981,-0.8369987459770697,0.37142634975765276,-0.015892377315796735,-0.20649361796044494,-0.014394855848468379,-0.10947368421052632,0.15202787807540508,0.30597785977859776,0.195821185617104,0.22356020942408378,0.2852133255406195,0.1299036050986901,-0.0910527071664512,0.025284588441331024,0.20000000000000004,0.04787234042553196,0.2009925558312654,-0.02222222222222224,-0.08620689655172403,-0.0077027765237678665,0.24701289483023772,0.28983308042488615,0.1528964862298197
2011-12-01,1.44,0.0,0.0,-0.05795981452859351,0.08820512820512814,0.03918228279386707,-0.10952040085898343,-0.1552387826296163,-0.17951668584579986,-0.7700952369850115,0.2870199762838639,-0.09163804833797713,-0.24758547183733706,-0.09167220242768287,0.1029940119760479,0.03302979471203763,0.15719637134991193,0.10103383458646617,0.1786160900375156,0.3159167876149009,0.1299036050986901,-0.20716021383444022,-0.12230849536734964,0.08762886597938141,0.05319148936170218,0.21142162818955043,0.0,-0.17741935483870966,-0.003107594907443101,0.157982446394845,0.17549019607843136,0.10555243970835666
2012-01-01,-2.22,0.0,0.0,-0.08669656203288496,0.048008171603677104,-0.020358306188925084,-0.12215320910973086,-0.17284658146598655,-0.20414847161572042,9.930738808970453,0.27999903233805273,-0.13813604179292246,-0.36324536593347523,-0.1094286572016431,0.29907773386034253,0.029779203623325104,0.07851575186748957,0.048761609907120834,0.14200171086398625,0.27469135802469136,0.056105610561056105,-0.2075530586766541,-0.15822513473787364,0.016706443914081,0.06417112299465234,0.19830713422007262,-0.0454545454545455,-0.2,-0.034042992331634395,0.1551407918869349,0.1544293280714507,0.12168661223576792
2012-02-01,2.7,0.0,0.0,-0.09005083514887431,0.04975124378109453,-0.06983883346124334,-0.13408190224570682,-0.1544205666077638,-0.181469298245614,-0.35380003158922413,0.27999903233805273,-0.13634616978473643,-0.40827602345263325,-0.08143485358786935,0.18482252141982863,-0.04588596790713554,0.06332214102310883,0.025763358778625955,0.11839323467230443,0.232461355529132,0.049421178631161224,-0.22344884585866934,-0.20208548776284047,0.056372549019607726,0.06914893617021271,0.13571428571428557,-0.04444444444444448,-0.1846153846153846,-0.03112728524904844,0.15095495863548158,0.15140438630242412,0.14162850441192887
2012-03-01,7.2,0.0,0.0,-0.06403574087863,0.02509652509652518,-0.13033873343151706,-0.10240549828178698,-0.06523205198945506,-0.081896551724138,0.04078858310746672,0.3062052199832638,-0.037366920611400206,-0.3082137685928656,-0.016187917613831954,0.17763975155279504,-0.03390238865560688,0.029646050950627438,0.11212582445459157,0.19517014270032926,0.290263319044703,0.058726220016542596,-0.14303622088803858,-0.10377269139700081,0.03818615751789958,0.07894736842105259,0.06354515050167207,-0.06521739130434788,-0.08620689655172403,-0.057015786440787176,0.08412333179935573,0.09166375393219162,0.031383598911776174
2012-04-01,4.33,0.0,0.0,-0.08730741012472491,-0.01581395348837212,-0.16356877323420074,-0.14897824653922212,-0.0399287425517538,-0.06237558062375566,0.5550543903524477,0.39446617057532696,0.0114790793778339,-0.26837047295312433,-0.0011904307680567327,0.2536327608982827,-0.1417922134870172,-0.1200234798522151,0.13113061435209086,0.22848856664807576,0.30378973105134477,0.06538820082567581,-0.19136841436692176,-0.20766392954897064,-0.009237875288683611,0.08421052631578956,-0.06194690265486733,-0.08510638297872336,-0.07407407407407414,-0.08863531992756568,-0.022109428768066014,-0.021207442918664172,-0.06074936340487443
2012-05-01,6.65,0.0,0.0,-0.11917098445595851,-0.03981481481481479,-0.213859910581222,-0.1630218687872764,-0.11083743842364531,-0.056534508076358216,0.11557839734620828,0.4750960201412584,-0.08545507755340934,-0.3771027660817535,-0.05823939260665264,0.09608540925266904,-0.12531670239719367,-0.0075386499311188215,0.2474034067303698,0.23383140053523646,0.3336894586894587,1.5785976395913914,-0.1857119714887412,-0.25591083089394273,0.014423076923076828,0.08376963350785337,-0.07392996108949415,-0.10638297872340424,-0.04166666666666659,-0.10870212547500924,-0.03682798186360683,-0.034422505678839754,-0.06516587677725112
2012-06-01,5.92,0.0,0.0,-0.14094955489614253,-0.048022598870056575,-0.24390243902439032,-0.14819850441876273,-0.15872620972757812,-0.1878205128205128,0.20216829781720733,0.4260395044014654,-0.13807678760126813,-0.38183624237264085,-0.10417771983810581,-0.03294367693942614,-0.1394031100093365,0.013439311907230349,0.1678832116788321,0.22005277044854882,0.26596491228070185,1.3058372699943843,-0.11587937205428962,-0.15390742272462704,0.0456852791878173,0.08333333333333341,-0.08820614469772058,-0.1276595744680851,-0.19642857142857148,-0.1294182955427771,-0.1428436466698157,-0.15972222222222224,-0.1443116883116883
2012-07-01,2.53,0.0,0.0,-0.08270676691729323,-0.05671077504725898,-0.25374251497005984,0.0241992882562278,-0.11207946171099012,-0.19014891179839627,0.337721872815994,0.2594085054328274,-0.11036376695255408,-0.22543748451865764,-0.0731814918944786,-0.019845644983461964,0.10732453369684487,-0.009514326806062769,0.06595448211797492,0.09521460286137148,0.1547022815804118,0.9596774193548387,0.21243289913285046,0.13758720547584574,0.022842639593908705,0.08290155440414504,-0.11077235772357723,-0.14893617021276587,-0.1935483870967742,-0.1385159551743162,-0.10350259451445516,-0.11437403400309114,-0.0967012640016442
2012-08-01,1.88,0.0,0.0,-0.07159005275056508,-0.02287893231649195,-0.22668688400303263,0.01518288474810206,-0.08694217058357531,-0.24752475247524755,-0.2477759684287321,0.18928994595844292,-0.15188970368649835,-0.2686978799997096,-0.05880803077409504,0.1654228855721393,0.07017600412610399,-0.09648629887944997,0.0030918727915194345,0.02107728337236534,0.09403546480386889,0.7820459952418715,0.20211079893379444,0.06827284679120672,0.043256997455470604,0.07731958762886594,-0.16841004184100422,-0.1276595744680851,-0.24590163934426224,-0.13548291273580151,0.0475669220817992,0.029614825581395395,0.09024559777571833
2012-09-01,5.43,0.0,0.0,-0.03843197540353575,0.005655042412818177,-0.12667191188040908,0.04483985765124563,-0.07367068055743463,-0.25166364186327894,0.16614173384340483,0.168328262587358,-0.11947241151901518,-0.22487977727157676,-0.020568107963451362,0.3097560975609756,0.08666937614306046,-0.03687545445102308,-0.0592901878914405,-0.02115211521152115,-0.0038910505836575876,0.481640866873065,0.28434707839545403,0.11870093694606229,0.0600522193211487,0.07653061224489792,-0.25547445255474455,-0.06666666666666672,-0.25423728813559315,-0.06639796659404495,0.05415592144415799,0.022546897546897548,0.10434681000233707
2012-10-01,7.86,0.0,0.0,-0.012738853503184669,0.018885741265344664,-0.09508716323296355,0.10067618332081146,-0.09486194651786363,-0.2019047619047619,0.1746865290632756,0.16666666666666655,-0.15195022732711175,-0.20282278177015015,-0.03691439784155005,0.377008652657602,0.16903817460606277,0.07357681950923493,-0.06865198531865195,-0.04944662620492689,0.06390593047034765,0.34709375,0.342050250463456,0.23940348084841354,0.03826530612244907,0.07653061224489792,-0.25860271115745564,-0.06666666666666672,-0.19642857142857148,-0.053417599176394784,0.03565348022033052,0.02283730702475564,0.035991204721675725
2012-11-01,7.82,0.0,0.0,-0.019062748212867398,-0.003710575139146489,-0.0815347721822541,0.13445378151260498,-0.1616997792494482,-0.19230769230769224,1.8244722667567892,0.16666666666666655,-0.22472111947403414,-0.37673836454663445,-0.06275330323898651,0.5177304964539007,0.17220015306680272,0.08887130801687754,-0.09101991060544494,-0.0928540864356012,-0.048658481127785355,0.290625,0.36866013588244595,0.2840112451514181,0.021428571428571394,0.08121827411167509,-0.26033057851239666,-0.0454545454545455,-0.1886792452830189,-0.05370423773655633,-0.04022388767669097,-0.0071493212669683824,-0.10749588138385499
2012-12-01,6.39,0.0,0.0,0.007383100902378929,0.010367577756833257,-0.031967213114754145,0.17684887459807072,-0.15713777144891417,-0.16199158485273488,3.897301582218814,0.18229196197388065,-0.24783771734284443,-0.45260718592453764,-0.0370985971677414,0.5646036916395223,0.1933114247052001,0.1074882995319813,-0.04771660264618019,-0.0627763041556145,-0.04338235294117651,0.20871875000000006,0.32883821666462343,0.2933873545701223,0.035545023696682554,0.08585858585858583,-0.2758274824473421,0.0,-0.15686274509803924,-0.004528339355070951,-0.02916626690971895,0.01640255768696145,-0.10491071428571432
2013-01-01,7.33,0.0,0.0,0.0098199672667758,0.038986354775828465,0.00581878636741482,0.14150943396226404,-0.13891775791588726,-0.1989026063100138,0.08729044747465996,0.07291489482338273,-0.2127102803738318,-0.41165155464190006,-0.019674745946657073,0.4746450304259635,0.11101744612226955,0.09542272077091005,0.040959409594096025,0.011235955056179775,0.026634382566585957,0.3065312499999999,0.21705395825127996,0.22037906071519534,0.023474178403755996,0.11557788944723628,-0.2916246215943492,0.023809523809523832,-0.19230769230769237,0.02969282130283707,-0.018399178107779947,0.016282835552356986,-0.05533951540532467
2013-02-01,7.58,0.0,0.0,-0.01596169193934557,0.02180094786729855,0.021452145214521406,0.08543096872616336,-0.1536335445597951,-0.24313462826523782,-0.5115499280108109,-0.13925743229196197,-0.1977491821155943,-0.3877610803526965,-0.060554630459843634,0.5413223140495868,0.0833035139197024,0.0704361393862842,0.04744186046511628,0.018431001890359167,0.032320308731307285,0.3065312499999999,0.13269727839440484,0.14821615005220154,0.00928074245939676,0.08955223880597024,-0.26624737945492655,0.023255813953488393,-0.24528301886792453,0.010205216882572827,-0.04481320436595969,-0.026566416040100307,-0.0676059094022111
2013-03-01,5.19,0.0,0.0,-0.02227525855210817,0.018832391713747645,0.08382726502963596,0.07120980091883623,-0.19735029841936122,-0.23340040241448692,1.681362012529081,-0.17525532153679246,-0.25418709321197314,-0.3905651954362829,-0.13066174983273432,0.7982489451476793,0.10100110442124773,0.08287413786811677,0.020072992700729927,-0.017266715650257124,0.010915994304698624,0.34375,0.10043113403649255,0.09113005495279697,-0.013793103448275773,0.12682926829268304,-0.26624737945492655,-0.023255813953488393,-0.22641509433962273,-0.017983486099537985,-0.12963749044910441,-0.12559033058512775,-0.12472915685350927
2013-04-01,6.02,0.0,0.0,-0.012057877813504822,0.02835538752362949,0.25155555555555564,0.044926413632842846,-0.2281016059888668,-0.22009907997169148,-0.15051815052933185,-0.22473362169005168,-0.2913724759040539,-0.4043894114947803,-0.16377999679117428,0.7249315068493151,0.02156934306569352,0.05622915440455175,0.016887266088544045,-0.027366662429404068,-0.004969526488513788,0.2661875,0.09236932019007965,0.15755482126764786,-0.0046620046620047696,0.1116504854368932,-0.26624737945492655,0.0,-0.21999999999999997,-0.010312988449022986,-0.13037740828714706,-0.14594056118213514,-0.10902401239349346
2013-05-01,2.82,0.0,0.0,0.02689075630252103,0.019286403085824494,0.32701421800947866,0.07996832937450521,-0.1617036011080333,-0.15097276264591444,-0.13020546586006673,-0.2605095409148482,-0.21824888888888885,-0.33090762078027086,-0.12072426365163239,0.7684523809523809,0.09751931075460506,0.05490649701175998,-0.09492089925062448,-0.08043380027112516,-0.09078771695594126,-0.48167948717948716,0.1110890064854971,0.209222272658496,-0.028436018957345998,0.14975845410628022,-0.26575630252100835,0.0,-0.15217391304347827,0.015101863547612341,-0.04534537419540781,-0.06777053926891057,0.0008449514152936025
2013-06-01,0.55,0.0,0.0,0.044041450777202146,0.038575667655786405,0.3714565004887587,0.06783719074221879,-0.10779239982256383,-0.16495659037095506,-0.013653601064925533,-0.2545441799858149,-0.14678809815712146,-0.21628942656443687,-0.1219869196991362,0.8066923076923076,0.11634431932961738,-0.10286818474595538,-0.12625,-0.16306228373702422,-0.09090909090909098,-0.41227793696275067,0.07511323099122212,0.13479850827329018,-0.04611650485436892,0.15384615384615377,-0.25760869565217387,0.04878048780487809,-0.15555555555555556,0.05288593165898656,0.0993056320952275,0.07866931687414998,0.1630645944633318
2013-07-01,6.7,0.0,0.0,-0.03278688524590164,0.04909819639278563,0.4142427281845536,-0.12161223071577484,-0.16122979214780603,-0.2630834512022631,-0.4051270977650958,-0.258733695740895,-0.21442004483112334,-0.21411237984160733,-0.2010342963638271,0.9114960629921259,-0.16075664314667473,-0.18083324025466313,-0.11285403050108933,-0.18198198198198198,-0.10978313253012047,-0.34860905349794236,-0.19227196730447713,-0.11883479417975638,-0.022332506203474017,0.06220095693779921,-0.2571428571428571,0.07499999999999993,-0.26,0.06442436490111769,0.08795865633074941,0.04440566220670931,0.19112627986348119
2013-08-01,4.06,0.0,0.0,-0.056818181818181816,0.02926829268292683,0.4274509803921568,-0.18966689326988437,-0.19102017207721786,-0.18421052631578935,-0.04105390288753674,-0.2678581553390194,-0.19864433967800627,-0.13792042556147718,-0.20445183840290498,0.7848239060832445,-0.2808819542757312,-0.1928733445525718,-0.1567591369440775,-0.22018348623853212,-0.15864440078585462,-0.30069954965378515,-0.24361010397626826,-0.12610188895249,-0.03658536585365841,-0.02392344497607647,-0.18238993710691825,0.04878048780487809,-0.1739130434782609,0.07335053784527314,0.027453215540989843,-0.020998764778542522,0.1321857400913824
2013-09-01,0.43,0.0,0.0,-0.0695443645083932,-0.006560449859418958,0.34234234234234234,-0.20504087193460493,-0.17534506682246406,-0.13096200485044465,-0.2745756175369941,-0.2718756834252667,-0.17488865365795203,-0.07167346938775511,-0.2039345798040517,0.556145251396648,-0.3535608539816114,-0.22012510785159625,-0.21171770972037285,-0.2128735632183908,-0.15726562499999996,-0.13469293938190857,-0.24377819822442148,-0.12990209948503204,-0.01724137931034468,-0.061611374407582895,-0.10784313725490191,0.047619047619047665,-0.13636363636363635,0.03828688908421937,0.023334587881068913,-0.015523019932968698,0.1242196592953126
2013-10-01,-2.77,0.0,0.0,-0.042741935483870945,-0.014828544949026955,0.339754816112084,-0.18976109215017062,-0.0709367493995196,-0.08114558472553701,-0.4962193233425655,-0.28532549267368107,-0.02972911963882622,0.05692667779013719,-0.15874188208328027,0.4287163375224416,-0.3720271448138464,-0.27491433214399263,-0.2136139722346619,-0.2056338028169014,-0.1918692936088419,0.14044122764284228,-0.1543864805290227,-0.09075935231714125,-0.007371007371007432,-0.07109004739336489,-0.042194092827004315,0.0714285714285715,-0.08888888888888896,0.05093061142726729,0.01953389420752355,-0.022238099490935026,0.1226541554959786
2013-11-01,-4.03,0.0,0.0,-0.03967611336032393,-0.018621973929236497,0.3220191470844212,-0.2053872053872054,0.0037030941408821827,-0.08688387635756062,-0.007514643158986559,-0.28928632177484015,0.04734817766862069,0.3736209247551752,-0.13003392571498879,0.15561526479750776,-0.38089168013928615,-0.32453378542019856,-0.2168082253017434,-0.2358490566037736,-0.20783938814531547,0.28307506053268755,-0.20797137002510896,-0.14985311235519094,-0.03496503496503505,-0.04694835680751178,0.022346368715083817,0.047619047619047665,-0.09302325581395345,0.05185466419726895,0.014431155480873715,-0.014857351198614489,0.08387171204430083
2013-12-01,-1.96,0.0,0.0,-0.037459283387622104,-0.023320895522388058,0.32514817950889086,-0.19467213114754098,0.0168947457340767,-0.14309623430962337,0.11078750257844015,-0.3215865720851234,0.05061940608144158,0.5221689912810373,-0.14510115307602026,0.042678695350451074,-0.36047302770127976,-0.27489787293985063,-0.19146647543922546,-0.24779245283018864,-0.22990007686395078,0.254634297680912,-0.17876253152100374,-0.1620875962754339,-0.043478260869565306,-0.03720930232558143,0.07617728531855954,0.046511627906976785,-0.16279069767441862,0.044531989749549306,0.04239549362585242,0.00902625820568923,0.10915892087961908
2014-01-01,2.83,0.0,0.0,-0.05834683954619127,-0.031894934333958645,0.29090909090909084,-0.1942148760330578,-0.07000321853878341,-0.17208904109589038,2.3899133509940875,-0.3127234934559355,-0.024747885858996954,0.445842068483578,-0.20987964943179427,-0.009786795048143067,-0.34661696301916667,-0.27765368887667086,-0.20241049273307343,-0.30185185185185187,-0.2358490566037736,0.008849769188452357,-0.20212938092618357,-0.1785256505797837,-0.041284403669724905,-0.04954954954954969,0.16666666666666666,0.023255813953488393,-0.19047619047619038,0.024245990218222834,-0.028544243577545196,-0.04912808710277062,0.001266624445851853
2014-02-01,-0.29,0.0,0.0,-0.038118410381184124,-0.03432282003710578,0.26332794830371575,-0.1588193956430078,-0.03751493428912779,-0.09203539823008855,-0.21681143146852308,-0.22611173018757105,-0.016572783227125437,0.5454545454545454,-0.17258070013975524,-0.026930294906166264,-0.30858162119310306,-0.23259526619004645,-0.1847246891651865,-0.29095127610208815,-0.15915887850467286,-0.06103948910521654,-0.13195073660189938,-0.08412240546811307,-0.016091954022988367,-0.07762557077625568,0.17142857142857132,0.02272727272727275,-0.07500000000000007,0.022415516073373564,-0.026105536975102213,-0.06616889804325432,0.05697796432319
2014-03-01,-0.96,0.0,0.0,-0.006509357200976496,-0.017560073937153472,0.2093750000000001,-0.10364546104360257,0.024513809445987907,-0.03062117235345582,-0.08818755435009858,-0.2249985825253729,0.06989343802579916,0.6534374061843291,-0.10806940926948452,-0.12889942161267995,-0.2805785658814393,-0.21025139853070032,-0.24508050089445438,-0.31588785046728973,-0.2016901408450704,-0.13681395348837205,0.003672998215972335,0.04506860371267144,0.04195804195804189,-0.02164502164502176,0.1500000000000001,0.0714285714285715,-0.04878048780487796,0.06625658073374685,0.014826375341396901,-0.01684364701574505,0.08244537724679794
2014-04-01,-0.93,0.0,0.0,-0.011391375101708751,0.008272058823529464,0.04616477272727272,-0.06968124536693851,0.007377320954907166,-0.010889292196007285,-0.06827324959824453,-0.2249985825253729,0.060011210634087236,0.5549951246524057,-0.08481343419946637,-0.08325188153650667,-0.2056018005787575,-0.1367486440300171,-0.29084380610412924,-0.3427931292008962,-0.24747455710516397,-0.08973789426921372,-0.0038108934028402027,0.053620085636434514,0.018735362997658097,0.03930131004366806,0.18285714285714277,0.046511627906976785,0.0,0.06037924151696615,0.060900354071826104,0.04772550544323494,0.10932405998695939
2014-05-01,2.3,0.0,0.0,-0.008183306055646482,0.056764427625354774,0.012857142857142938,-0.08211143695014665,-0.015448161916563324,0.03666361136571952,0.08928206231771504,-0.2324103036395187,0.02154706812057254,0.5169184290030211,-0.1037923965710027,-0.05027385942902596,-0.26473573797117145,-0.19339157132936136,-0.2861085556577737,-0.3199017199017199,-0.23338228095937344,-0.1139528556234386,-0.007305282005371604,0.047111083304657936,0.06829268292682933,0.0756302521008404,0.17882689556509299,0.0714285714285715,0.025641025641025664,0.05777960128771552,0.06380195229948665,0.06454430748325736,0.07492612916842543
2014-06-01,1.52,0.0,0.0,-0.01406120760959473,0.10476190476190476,-0.029935851746258138,-0.11285500747384161,-0.045243619489559225,0.06332703213610588,-0.10073615584604012,-0.24390001051007035,-0.01710610345771371,0.44551845342706503,-0.10785834738617196,-0.07415652427786791,-0.32177205857712554,-0.13548441591350627,-0.24272770624701956,-0.26408268733850127,-0.18176829268292685,-0.12766009311849452,-0.11773477985311118,-0.022270435836896234,0.15521628498727733,0.062499999999999965,0.1566617862371889,0.023255813953488393,0.05263157894736847,0.03060418538527155,0.08652496490876288,0.08495781204538846,0.09865330410272459
2014-07-01,-2.18,0.0,0.0,-0.014406779661016974,0.12129894937917864,-0.07659574468085115,-0.11234177215189875,-0.048098434004474305,0.08445297504798462,-0.030319946831763672,-0.24386255650191865,0.03216094983617263,0.3240539052588745,-0.09378881360382102,-0.15820445825388976,-0.3462487925297843,-0.12276156713026097,-0.17092337917485265,-0.17400881057268722,-0.05718925941966224,0.06858384716466184,-0.16317847286108553,-0.07964282196907518,0.31218274111675126,0.10360360360360359,0.19230769230769232,0.023255813953488393,0.08108108108108115,0.0350947173238546,-0.00028500855025651847,-0.006869662086891895,-0.016809933142311415
2014-08-01,-2.57,0.0,0.0,-0.029259896729776295,0.12322274881516587,-0.1717032967032967,-0.07382550335570467,-0.09151845562606127,0.01138519924098661,0.14184926648902968,-0.23170832895413732,-0.0495551025888268,0.08078145146435803,-0.1335947318152114,-0.1196558198495558,-0.2610371115020525,-0.1326262351554709,-0.07049608355091384,-0.02588235294117647,0.07546993578517219,0.1649951636715369,-0.1270451214197995,-0.1371913277002685,0.4658227848101265,0.11274509803921567,0.18769230769230766,0.0,0.0,0.0004955287576543239,-0.07498150887573964,-0.08147080028839214,-0.0954481464101361
2014-09-01,-2.86,0.0,0.0,-0.06185567010309281,0.10849056603773585,-0.2563758389261745,-0.07969151670951154,-0.1272582359192349,-0.07441860465116279,0.39656340958186365,-0.22746917185335971,-0.07927382753403933,-0.005726785086176614,-0.17642097830777073,-0.0872793633698318,-0.2138276842968034,-0.16765776978748906,-0.02702702702702703,-0.0397196261682243,0.0427134513766571,0.15350993697326795,-0.219284064665127,-0.20779812038632883,0.5463659147869673,0.19191919191919188,0.21193092621664045,-0.0454545454545455,-0.0789473684210527,-0.033454023536200236,-0.1187017285766827,-0.12793406199605806,-0.12263529411764706
2014-10-01,-0.85,0.0,0.0,-0.07919123841617527,0.1015992474129821,-0.30000000000000004,-0.08845829823083404,-0.13745260255084454,-0.10303030303030308,0.29837125029089184,-0.21293053619394103,-0.11081125095968172,0.026223182082287372,-0.15937071122951488,-0.012151370641936629,-0.19139443811034546,-0.04886723507917175,-0.025056947608200455,-0.03309692671394799,0.04076778536260492,0.03340045971400085,-0.2348811344362576,-0.24636924682980751,0.4727722772277228,0.20408163265306117,0.13656387665198247,-0.08888888888888896,-0.09756097560975606,-0.07056989060350885,-0.18353409845395055,-0.2028681037632445,-0.16019900497512432
2014-11-01,-2.14,0.0,0.0,-0.08853288364249579,0.08918406072106254,-0.3245556287030942,-0.07372881355932205,-0.17315733377059936,-0.08325709057639519,0.3252949241738999,-0.2085441739606127,-0.15408439798683696,-0.12462774117859392,-0.1655334754452785,-0.12211806093772117,-0.10239542007733635,0.09537468626747941,-0.045662100456621,-0.012345679012345678,0.022930243784697078,-0.0030571229076635743,-0.13992639288707504,-0.15670741646291766,0.41062801932367154,0.13793103448275876,0.0751366120218579,-0.06818181818181825,-0.07692307692307698,-0.07564751831836095,-0.24982948455617268,-0.27424130273871206,-0.1930814262905801
2014-12-01,-3.41,0.0,0.0,-0.10998307952622673,0.04011461318051578,-0.3706070287539936,-0.05937234944868532,-0.1868250539956803,-0.07421875000000008,-0.5611453263658305,-0.19126275359928357,-0.18799435825105784,-0.15234524847428074,-0.17765416145055127,-0.14460565723793675,-0.09453366431936774,0.10393394851869842,-0.07317073170731707,-0.0016805879549502494,0.05095318894101212,0.017680514342235495,-0.01973413218498423,-0.07497599121964608,0.30622009569378,0.07246376811594221,0.0566280566280568,-0.11111111111111108,-0.055555555555555455,-0.1001391364313027,-0.4245354569586651,-0.4367940724676968,-0.3943791517629024
2015-01-01,-2.25,0.0,0.0,-0.13080895008605853,0.013565891472868134,-0.408450704225352,-0.09487179487179483,-0.17805848762761722,-0.017580144777662905,-0.8877863849734986,-0.13475881689563265,-0.16576052305159802,-0.12787405924186984,-0.15446343275660757,-0.11659501170325809,-0.117893567605776,0.023072165929308757,-0.06666666666666667,0.0610079575596817,0.03345679012345682,0.1346167524123378,-0.06116406408436428,-0.09866463458886711,0.2679425837320575,0.052132701421801105,-0.03174603174603172,-0.13636363636363635,0.0,-0.14613230922190165,-0.5385896180215475,-0.5525041891640291,-0.5016866961838499
2015-02-01,-1.91,0.0,0.0,-0.16779089376053957,-0.026897214217098918,-0.391304347826087,-0.1512113617376776,-0.21234690499834488,-0.1198830409356725,0.8032019479508965,-0.04609164420485177,-0.2004776964416039,-0.1854721362229103,-0.21458144516766914,-0.10561915388960058,-0.17017007452703997,-0.015421490593342966,-0.08496732026143791,0.04712041884816754,-0.0730243414471491,0.1819548106070255,-0.15007538562647396,-0.18866180548423542,0.14018691588785037,0.004950495049504845,-0.05975609756097553,-0.1777777777777778,-0.13513513513513511,-0.16904125636050812,-0.4773442716779548,-0.46760408050730634,-0.49756775538568454
2015-03-01,1.5,0.0,0.0,-0.21621621621621614,-0.08654750705550332,-0.38565891472868224,-0.20653907496012763,-0.2612856914978465,-0.259927797833935,0.2523284373353439,-0.016131746252386808,-0.26729642171921025,-0.25862444621976916,-0.24756438941675782,-0.13417508417508417,-0.2163450726397698,-0.028205675272028954,-0.02843601895734597,0.07103825136612021,-0.03316866619618918,0.3047660101840127,-0.23741809563641433,-0.28717061567452346,0.055928411633109625,-0.04867256637168137,-0.058385093167701935,-0.2222222222222223,-0.2564102564102565,-0.2159404484324777,-0.49221453287197237,-0.4805400372439479,-0.5249080242617082
2015-04-01,-4.43,0.0,0.0,-0.22139917695473255,-0.11212397447584319,-0.38492871690427705,-0.21752988047808763,-0.24405496585205297,-0.2577981651376146,-0.5870913608430923,-0.016131746252386808,-0.2631902701186018,-0.2415328043352042,-0.25352154858289494,-0.16720420076232112,-0.22625472207231517,-0.03511640917502258,0.010126582278481013,0.09090909090909091,0.0024293120288511366,0.3004988883466189,-0.24320617849796092,-0.3122132939256796,0.1080459770114944,-0.029411764705882287,-0.06159420289855071,-0.2222222222222223,-0.2564102564102565,-0.2195981900452489,-0.45132068275007153,-0.4490212450134521,-0.46669278996865204
2015-05-01,-4.48,0.0,0.0,-0.21617161716171618,-0.1083258728737691,-0.36600846262341324,-0.2356230031948882,-0.20716563181741912,-0.2696728558797524,-0.31299591827977447,-0.016131746252386808,-0.22380401148683238,-0.23357100179247167,-0.183695324440378,-0.2131322894516399,-0.23474459272894624,-0.014953779227841269,-0.01804123711340206,0.06358381502890173,-0.012820840250287418,0.3267824242085867,-0.2757476281519425,-0.3567352791802349,0.02739726027397263,-0.08203124999999999,-0.09223300970873784,-0.20000000000000004,-0.2750000000000001,-0.18806918092315866,-0.40866521615741175,-0.4113785557986871,-0.41812291380325933
2015-06-01,3.49,0.0,0.0,-0.20637583892617456,-0.14913793103448272,-0.35562086700955176,-0.18534119629317608,-0.16776601284499218,-0.3146666666666667,-0.2674994308077902,-0.0007389144541909553,-0.1809648674989558,-0.2588206686930092,-0.14863580393597028,-0.1934343732960182,-0.1762438855674687,0.08021494870542265,-0.05289672544080604,0.025280898876404494,-0.06612514593735253,0.4516011848208797,-0.13378406930065495,-0.31533089674977155,-0.022026431718061595,-0.10588235294117648,-0.07848101265822786,-0.15909090909090912,-0.325,-0.1750358299073424,-0.434253022054074,-0.442746044515956,-0.4317749904979095
2015-07-01,-1.72,0.0,0.0,-0.19346517626827173,-0.15672913117546852,-0.368663594470046,-0.11853832442067733,-0.18259061737322596,-0.3008849557522124,0.20249516377249646,0.011307868179236607,-0.2034579296934485,-0.21438127090301,-0.16169506256755392,-0.12948800402662045,-0.017129097575658052,0.1548106315734936,-0.07109004739336493,0.0026666666666666666,-0.10457291164243546,0.30877831906541153,-0.05006641931198757,-0.29620117710005356,-0.10058027079303666,-0.15510204081632667,-0.06064516129032255,-0.18181818181818185,-0.3,-0.18785424553276897,-0.48360733631093794,-0.477752851000187,-0.5055372061394987
2015-08-01,-0.77,0.0,0.0,-0.20656028368794324,-0.16455696202531644,-0.3374792703150911,-0.16757246376811594,-0.19045745204131823,-0.33208255159474664,0.23777723473536724,0.0022679655269238924,-0.22770293698390892,-0.21658269511402728,-0.154844099933857,-0.17754895501504486,-0.07839247250878577,-0.04091764214046829,-0.16179775280898875,-0.12560386473429952,-0.18036346266582712,0.226686768047544,-0.14744055182428756,-0.31797304991459474,-0.17616580310880836,-0.19823788546255505,-0.05699481865284968,-0.16279069767441862,-0.34210526315789475,-0.16348994061415267,-0.543328335832084,-0.5389521193092621,-0.5553019298609669
2015-09-01,-0.35,0.0,0.0,-0.18589743589743588,-0.17702127659574465,-0.24909747292418769,-0.15735567970204847,-0.1683409436834095,-0.26231155778894466,-0.2774555068243843,0.00794147928951478,-0.2119618797239566,-0.11595821126527002,-0.14219713748184143,-0.27124155156251023,0.015699742426100834,-0.038491360212671626,-0.1736111111111111,-0.15571776155717762,-0.19983996799359877,0.21533244012728178,-0.04368190109944295,-0.29108000492590624,-0.2576985413290113,-0.28389830508474573,-0.05699481865284968,-0.11904761904761903,-0.25714285714285706,-0.13023288598661667,-0.5171622326551903,-0.5146907746044791,-0.5124436816133876
2015-10-01,3.17,0.0,0.0,-0.17383348581884722,-0.21349274124679762,-0.17833800186741358,-0.15249537892791126,-0.1231891297831951,-0.16891891891891891,0.08597823130298758,0.00794147928951478,-0.16709837781266357,-0.08370989968913246,-0.10771520833583427,-0.3603370965177293,0.050698871996076394,-0.09092306116176621,-0.12850467289719625,-0.11491442542787286,-0.15608931142445784,0.11952050075782933,-0.06268738075769957,-0.2963536361784477,-0.28739495798319326,-0.31779661016949146,-0.059431524547803614,-0.09756097560975606,-0.16216216216216217,-0.11344415798765034,-0.4544609665427509,-0.44860776899278104,-0.45260663507109006
2015-11-01,6.99,0.0,0.0,-0.18871415356151705,-0.22299651567944245,-0.2153996101364522,-0.172003659652333,-0.15587506197322756,-0.10179640718562877,-0.34068047771433696,0.017459734612033897,-0.20469434455704474,-0.18685567010309279,-0.11942177776701614,-0.22580050821043895,-0.07038155980754175,-0.20930558802899224,-0.11961722488038277,-0.1025,-0.1358187824445493,-0.04516458763179307,-0.138202770834216,-0.31537034173496215,-0.30993150684931503,-0.2987012987012987,-0.044472681067344415,-0.14634146341463414,-0.11111111111111106,-0.13920559323936427,-0.440057150279257,-0.4337072921978582,-0.43674976915974145
2015-12-01,6.76,0.0,0.0,-0.17300380228136886,-0.20293847566574846,-0.17766497461928935,-0.193868349864743,-0.11451629379916226,-0.04430379746835446,-0.2047054691332165,0.05328215138977905,-0.155994663998666,-0.12621109579742049,-0.05997176355042651,-0.2187779619212126,-0.08269456722430484,-0.25314562252529704,-0.13157894736842105,-0.10552763819095477,-0.14468873165867324,-0.08591503665006278,-0.26663610665444265,-0.29836855765665554,-0.30402930402930406,-0.21621621621621628,-0.07308160779537155,-0.10000000000000009,-0.058823529411764754,-0.11792329921552784,-0.39752883031301484,-0.3948339483394834,-0.3717516031049612
2016-01-01,-0.99,0.0,0.0,-0.15940594059405935,-0.19311663479923508,-0.14069264069264067,-0.1728045325779038,-0.1022105263157894,-0.08526315789473678,1.1181730557518095,0.007087156472862311,-0.15008893335556667,-0.11365885519752991,-0.07601245323759079,-0.216919569148518,-0.07830118482055982,-0.23319073746861343,-0.12142857142857143,-0.0975,-0.12509855453350857,-0.10059134504879116,-0.1716853155916534,-0.22190909456902444,-0.3150943396226415,-0.1666666666666667,-0.040353089533417326,-0.0789473684210527,-0.08823529411764713,-0.06554181937400812,-0.3678624495860751,-0.35926773455377575,-0.33276919822297446
2016-02-01,-0.25,0.0,0.0,-0.12765957446808518,-0.15103652517275418,-0.17226890756302526,-0.14074803149606296,-0.03183441899558732,-0.09634551495016615,-0.846628270715081,-0.02049344893740422,-0.06067437486169507,-0.06221195967197841,0.006071255294318191,-0.26697369231717083,-0.08071387449625782,-0.24252445914289655,-0.08571428571428572,-0.065,-0.09501199040767387,-0.07596982758620689,-0.14291562428928808,-0.21084388185654007,-0.20901639344262296,-0.12807881773399005,-0.015564202334630364,-0.027027027027027053,-0.09375000000000008,-0.02261722784403037,-0.4336557766015696,-0.426894527878474,-0.39952578541790157
2016-03-01,-1.46,0.0,0.0,-0.08672936259143152,-0.11328527291452112,-0.19348054679284957,-0.1306532663316583,0.050960915568991565,0.16463414634146342,-0.07586887313611541,-0.03278505673621743,0.02445411098074011,0.1859326018808777,0.020908618137692937,-0.25879836671203577,-0.08660965390575678,-0.2952489681215421,-0.06341463414634146,-0.04336734693877551,-0.08783454987834556,-0.08996675545644137,-0.13304387568555764,-0.17196099674972917,-0.14618644067796602,-0.13953488372093015,-0.025065963060686067,0.0285714285714286,0.17241379310344845,0.024173513704427874,-0.29320461858792346,-0.2996952858935293,-0.20950188363331934
2016-04-01,7.66,0.0,0.0,-0.058139534883720936,-0.0995893223819302,-0.1490066225165563,-0.09979633401221993,0.10122999891150536,0.16069221260815822,2.1120593353005823,-0.022634999479484115,0.1351153423654339,0.32589946414901755,0.06204028138122875,-0.2120407118166688,-0.044405696018599325,-0.2763034655010928,-0.010025062656641603,0.005208333333333333,-0.04179783140958382,-0.09665381006984251,-0.08078206962327134,-0.16119068934646383,-0.17842323651452288,-0.16450216450216454,-0.048906048906048896,0.0571428571428572,0.17241379310344845,0.05194126520274975,-0.29179701077511294,-0.28860077454116856,-0.24761204996326225
2016-05-01,6.31,0.0,0.0,-0.04631578947368427,-0.09437751004016057,-0.19132369299221358,-0.04806687565308264,0.053656471584294714,0.26876513317191286,0.4088172082943081,-0.016396246337799823,0.08040438804043872,0.266293162588612,0.013386318189344429,-0.220195882535991,0.016056287209092645,-0.2708160824362867,0.13648293963254593,0.12771739130434784,0.07205132848679281,-0.13322672950681702,-0.05439059620461232,-0.20137469812372277,-0.10222222222222221,-0.12340425531914895,-0.012032085561497425,0.027777777777777804,0.310344827586207,0.014488558731069849,-0.26507758758598626,-0.26998141263940517,-0.21157415218491657
2016-06-01,-0.28,0.0,0.0,-0.008456659619450288,-0.04660587639311052,-0.15735461801596348,-0.026887280248190367,0.021274376890186738,0.561608300907912,0.3324182336942677,0.0,0.017381819212080835,0.4624082761939132,0.014843759911698572,-0.22499246577016122,0.07887476007677546,-0.24624638205499283,0.17287234042553193,0.15616438356164383,0.1352307487697833,-0.21210079504109958,-0.0877115956875946,-0.1751584767170297,-0.07432432432432433,-0.05701754385964908,0.008241758241758188,0.0,0.5925925925925924,0.001398510849945696,-0.22214973087587675,-0.2223291626564005,-0.18478260869565213
2016-07-01,1.87,0.0,0.0,-0.008528784648187604,-0.0373737373737374,-0.07542579075425794,-0.08594539939332659,0.04943049872829811,0.5392405063291138,0.09241401766208936,0.019050910426161385,-0.0027058823529412233,0.4842428635532084,0.05895097830710323,-0.24322023690022085,-0.09933184855233855,-0.34869217999910274,0.12755102040816327,0.1276595744680851,0.07189760426819877,-0.21140885026109887,-0.19707782814157587,-0.2309056814150322,-0.0838709677419356,-0.05314009661835743,-0.017857142857142842,0.0,0.5357142857142856,0.006615372691512259,-0.18789105631210895,-0.19330588867012705,-0.1220039292730845
2016-08-01,-1.29,0.0,0.0,0.06480446927374299,-0.026262626262626206,0.023779724655819668,-0.028291621327530016,0.24425811155668967,0.7499999999999999,-0.1572996345057955,0.029409651882821183,0.2820845388938774,0.9357426442595312,0.13193195392198578,-0.2500929084047007,-0.07651147057014575,-0.1681468969650739,0.1126005361930295,0.1132596685082873,0.043125827814569466,-0.1892488823183655,-0.15217969872784373,-0.16974621549421193,-0.11111111111111098,-0.043956043956043994,-0.061813186813186836,0.027777777777777804,0.76,0.006525828103067243,-0.017728168089297336,-0.018088955096829142,0.04409706019598695
2016-09-01,-2.86,0.0,0.0,0.08098987626546668,-0.018614270941054778,0.09254807692307696,-0.046408839779005555,0.2728160078086872,0.8106267029972751,0.38362945912633634,0.02361529779847704,0.3308590492076731,0.805592376760123,0.16214602998334268,-0.2320112983169466,-0.10379181258302136,-0.16254824030873813,0.07563025210084033,0.0893371757925072,0.014638888888888838,-0.21841733558411128,-0.18770943960406247,-0.1276780544296467,-0.10043668122270741,0.0059171597633136145,-0.05082417582417584,0.0,0.8076923076923075,-0.0008101561979679307,-0.026793431287813353,-0.02222692633361567,-0.0055005500550055
2016-10-01,-6.23,0.0,0.0,0.06201550387596909,0.0097719869706841,0.06590909090909088,-0.05452562704471101,0.16055150410209648,0.596980255516841,-0.29597144603141257,0.02361529779847704,0.17761163554117526,0.5519918855583925,0.1586976994484058,-0.17064561354664864,-0.11161678044226615,-0.16211190623767402,-0.010723860589812333,0.008287292817679558,-0.05245484333956185,-0.21174505494505497,-0.20340215178831056,-0.12135950437148982,-0.047169811320754755,-0.012422360248447215,0.0,-0.027027027027027053,0.5806451612903225,-0.01860628380086705,0.049616695059625175,0.03345802161263507,0.07987012987012981
2016-11-01,-3.84,0.0,0.0,0.0946408209806157,0.05269058295964128,0.17391304347826086,-0.049723756906077346,0.24703394807940798,0.39111111111111113,-0.36499195247022265,0.014039457669336747,0.26096249650614084,0.9181616481774961,0.21691368548409268,-0.11920910677455182,-0.08642272508425605,-0.14666745520137212,-0.008152173913043478,-0.005571030640668524,-0.07276649191786816,-0.17976726205816468,-0.17762155252937414,-0.1493506493506493,0.06699751861042173,0.08641975308641969,-0.021276595744680753,0.0,0.40625,0.005863873882265125,0.04987241939225234,0.045475011256190814,0.0672131147540983
2016-12-01,-3.99,0.0,0.0,0.09540229885057468,0.0506912442396314,0.18765432098765436,-0.036912751677852476,0.27203507152745726,0.2637969094922738,1.965719582883351,-0.00465412197533939,0.33586881359280846,0.9615443470072393,0.1972051717382787,-0.08097206314426568,-0.07014333638304361,-0.09807964184731373,0.027548209366391185,0.02247191011235955,-0.016155896069287124,-0.11115787608267064,-0.16048546723617046,-0.25048882312529713,0.08947368421052629,0.06896551724137938,-0.014454664914586112,-0.055555555555555455,0.2812499999999999,-0.030731954795989513,0.43888433141919597,0.433457051961824,0.3969916733816815
2017-01-01,2.01,0.0,0.0,0.1519434628975264,0.09241706161137436,0.24181360201511318,0.012557077625570874,0.3153945362879586,0.44764096662830827,0.23951060402291288,0.049915434958452735,0.34885469973676897,0.9397184105043377,0.1913237232178037,-0.09543172690763048,-0.0064584238961683665,-0.05281668789036449,0.02168021680216802,0.0221606648199446,-0.02807285835222145,-0.06686336918895065,-0.09450790173681728,-0.20722305582863357,0.12121212121212133,0.04864864864864857,-0.011826544021025065,0.0,0.4516129032258065,-0.022582763717062675,0.7995298858294158,0.7821428571428571,0.6648700063411541
2017-02-01,3.75,0.0,0.0,0.1393728222996516,0.09302325581395349,0.2588832487309645,0.030927835051546424,0.17167661421595218,0.5392156862745099,0.5159813277207668,0.032370223038731986,0.19058556767819554,0.587293545445334,0.0943120796621657,-0.0852156920426131,0.019914829659318678,-0.04748044387847908,-0.044270833333333336,-0.034759358288770054,-0.07586517568498595,-0.06330029154518947,-0.03943108846786609,-0.17093514409453028,0.09585492227979289,0.09604519774011296,-0.02898550724637678,-0.027777777777777804,0.5517241379310346,-0.04059355567160566,0.7515307766677409,0.6713855421686746,0.7571569595261598
2017-03-01,2.21,0.0,0.0,0.10068649885583521,0.1080139372822301,0.3116036505867013,0.01618497109826596,0.043661393055270184,0.17172774869109952,-0.7061291247807523,0.07553450754576277,0.08764578532020392,0.015669915744259067,0.06443228275492749,-0.13431269674711438,-0.0011310795525950636,-0.05838006230529598,-0.036458333333333336,-0.029333333333333333,-0.043931715124033,-0.11335995643492475,-0.06932363329643106,-0.1923378866384048,0.07940446650124054,0.15135135135135125,0.001353179972936492,-0.027777777777777804,0.1764705882352941,-0.03738589926502712,0.36314943760042834,0.33017660609163035,0.31268202276939355
2017-04-01,-3.02,0.0,0.0,0.06621773288439962,0.10946408209806151,0.29701686121919596,-0.016968325791855202,-0.035484827518038976,0.08306709265175716,-0.5094837680291461,0.08142241969597831,-0.02960000000000007,-0.16434317385781919,-0.0001133315703978339,-0.1829989032860799,-0.04847637005048354,-0.07679033649698003,-0.0379746835443038,-0.04404145077720207,-0.06518394910437254,-0.10717994876410716,-0.10671301099813237,-0.1137200490954692,0.11363636363636369,0.11917098445595865,0.14208389715832204,-0.054054054054054106,0.058823529411764594,-0.054371060358093595,0.2799999999999999,0.25396449704142005,0.24658203125000003
2017-05-01,-5.76,0.0,0.0,0.07395143487858723,0.10088691796008863,0.4415405777166436,-0.030735455543358915,0.024106066693451098,-0.05152671755725183,-0.04602064306085792,0.09849028931711483,0.012383531098192298,-0.09823927765237025,0.036976522045145996,-0.12470464688894722,-0.06137547348484851,0.009084600340672499,-0.02771362586605081,-0.03855421686746988,-0.046889328635551925,-0.06318574618895031,-0.07837766657887804,0.049139334729006674,0.13861386138613851,0.13106796116504854,0.15967523680649534,-0.027027027027027053,-0.0789473684210527,-0.022419668625932643,0.0859817152808011,0.07935497559940578,0.03787716670233262
2017-06-01,-4.33,0.0,0.0,0.042643923240938165,0.06376195536663125,0.4844384303112313,-0.01806588735387873,-0.004697232717247094,-0.28571428571428575,0.6628997057987903,0.07117127670478676,0.023615249658859947,-0.2291534245141221,0.041304646772762035,-0.03725696269048875,-0.12197698337688329,-0.009899802003959785,0.03854875283446712,0.018957345971563982,0.03296703296703295,-0.052652153729629385,-0.01951767285171904,0.09557378943718936,0.13868613138686114,0.130232558139535,0.2520435967302452,0.0,-0.27906976744186046,4.8576401823801416e-05,-0.03187250996015928,-0.03279702970297022,-0.0734358974358974
2017-07-01,-0.67,0.0,0.0,0.07526881720430108,0.05561385099685202,0.49868421052631584,0.07190265486725664,0.01854583772391982,-0.25575657894736836,0.16783685085965647,0.05763157336950774,0.062404152412410124,-0.19878294573643415,0.048865904326760225,-0.015312294403531431,-0.02627349159248269,0.12757456774815742,-0.05656108597285068,-0.0589622641509434,-0.048960252698078396,-0.08475586004628465,0.2117590535102998,0.33416803953871504,0.0962441314553991,0.19897959183673475,0.3104895104895103,0.05555555555555561,-0.25581395348837205,0.03998898657110099,0.07999093587128923,0.08031950299534052,0.043857686283284875
2017-08-01,5.59,0.0,0.0,0.04092339979013647,0.0373443983402489,0.4290953545232275,0.0335946248600224,-0.031546049418888604,-0.2865168539325842,0.16924878782897135,0.05385205861828337,-0.06883089932816261,-0.17514223502142315,0.045243929065282344,0.010296903220122488,-0.010989010989011026,0.11266129560489958,-0.05301204819277108,-0.05459057071960298,-0.04479658692671031,-0.20471022452656093,0.08412857860371677,0.14780801716047715,0.054245283018867815,0.2586206896551724,0.3016105417276721,0.054054054054054106,-0.2727272727272727,0.05306937604424969,0.11274509803921558,0.11335067186822706,0.07329608938547488
2017-09-01,8.51,0.0,0.0,0.037460978147762836,0.03898840885142243,0.3025302530253025,0.06720741599072998,-0.004697085889570503,-0.3303235515425132,-0.2872521448219715,0.050000000000000065,-0.054646863445509834,-0.07466790409042424,0.06238578134518223,0.04802342606149341,-0.007680388061712691,0.1676181305454296,0.046875,0.026455026455026454,0.05349467517179079,-0.17062634989200867,0.12274689007362277,0.1853302356455359,0.04368932038834945,0.24117647058823524,0.23733719247467447,0.054054054054054106,-0.3191489361702127,0.0626538373296154,0.17562166962699832,0.19419787832864255,0.10243362831858396
2017-10-01,7.65,0.0,0.0,0.0302398331595411,0.055913978494623685,0.23027718550106618,0.058823529411764636,0.008149239077074252,-0.3549090909090909,-0.30485560116462374,0.03357292393579895,-0.003947982660887011,0.06585836732547558,0.022455472215126712,0.07520771139805059,-0.02390647576513849,0.14976462676529934,0.06775067750677506,0.038356164383561646,0.07367819376964856,-0.11697002141327623,0.07689967755673167,0.1573640856672158,0.05198019801980197,0.24528301886792445,0.13186813186813187,0.05555555555555561,-0.3469387755102041,0.06619017486158839,0.11422195171434374,0.15865674643072594,0.033473642012427376
2017-11-01,3.08,0.0,0.0,0.029166666666666636,0.043663471778487686,0.1788359788359789,0.07093023255813947,-0.02175960813865865,-0.2595846645367412,0.6451963359931586,0.048353105373342614,-0.04963947165973419,-0.04506427839651017,0.001875473105037756,0.08255465742012479,-0.020421607378129265,0.16196548617367806,0.10136986301369863,0.08123249299719888,0.11552165847050862,0.01367975830815716,0.050095648015303654,0.1926983073348822,0.00697674418604657,0.1136363636363636,0.02581521739130428,0.0857142857142858,-0.26666666666666666,0.08695707030269889,0.3241272646928856,0.34732988802756254,0.2431424182576256
2017-12-01,2.04,0.0,0.0,0.011542497376705232,0.05263157894736839,0.11538461538461532,0.07317073170731721,-0.111554507527662,-0.22270742358078602,0.41431451158032767,0.04923921350656577,-0.16294461288175704,-0.21649274196935964,-0.054008945129268016,-0.00813871579517745,-0.022761561167595926,0.14401410750440846,0.08847184986595175,0.07417582417582418,0.09615710174369388,0.001869158878504673,0.0702363963516785,0.29796234929140514,0.03381642512077309,0.059139784946236486,0.05866666666666672,0.14705882352941171,-0.21951219512195116,0.12267072495113761,0.1628658304827062,0.18753467727020517,0.1140165352816766
2018-01-01,-1.06,0.0,0.0,-0.011247443762781128,0.033622559652928354,0.07505070993914814,0.07328072153325817,-0.12425349852928066,-0.3068362480127186,-0.6346265054596146,0.0036560254380927225,-0.1473333333333333,-0.27184605731981787,-0.007241831556138476,-0.003074532437982236,-0.025939121195074726,0.1425096030729835,0.1724137931034483,0.14363143631436315,0.15430867354106362,-0.021137806547989427,0.027244974367835892,0.25420963320715306,0.056511056511056396,0.06701030927835046,0.02659574468085109,0.142857142857143,-0.3111111111111111,0.14933388157173427,0.2358649001679418,0.2568773911459281,0.21253094648638363
2018-02-01,1.49,0.0,0.0,-0.0030581039755351396,0.027659574468085046,0.09677419354838704,0.0933333333333334,-0.11456886172084843,-0.3320063694267515,6.331992269538342,0.053753952496507024,-0.12264255945387759,-0.26882859878710497,0.004716531681753124,0.01681386454732343,0.0030701215768144416,0.192959001782531,0.15803814713896458,0.13850415512465375,0.16931899641577064,-0.057369089415104255,0.05281767955801106,0.23932671224042296,0.028368794326240947,0.020618556701030948,0.06784260515603799,0.142857142857143,-0.33333333333333337,0.16021855458931747,0.16761729530818767,0.17895116237159847,0.1642322097378278
2018-03-01,-2.65,0.0,0.0,0.027027027027026966,0.012578616352201137,0.10636182902584497,0.15813424345847543,-0.061324933556452445,-0.2770330652368186,1.5976550887394914,0.026197658293899907,-0.09311673301656606,-0.17354034337207308,0.026676810562740686,0.08871515151515158,0.08203321590337187,0.19910011248593928,0.16216216216216217,0.14835164835164835,0.12574282286638952,-0.05079844405773356,0.1264302707601678,0.24526956972524622,0.020689655172413966,0.03286384976525835,0.08783783783783788,0.142857142857143,-0.3,0.15456638954428242,0.26070726915520637,0.27862228208581885,0.2658329971762808
2018-04-01,2.03,0.0,0.0,0.035789473684210586,-0.019527235354573395,0.1,0.19677790563866504,-0.03648288583726176,-0.24483775811209443,0.20505188822283063,0.015920923033628732,-0.06765417652846847,-0.07263532186152762,0.04761724850133502,0.06791374060033573,0.12247507031449754,0.192056074766355,0.1868421052631579,0.18157181571815717,0.20001115666750352,0.009383481969755707,0.15448051570939075,0.28763246628131006,-0.00680272108843543,0.09259259259259246,-0.007109004739336342,0.142857142857143,-0.24999999999999992,0.14489243933570858,0.31882668711656464,0.3520196300490751,0.29886408147277693
2018-05-01,4.93,0.0,0.0,0.012332990750256966,-0.044310171198388634,0.0629770992366413,0.19479048697621748,-0.09621420164770488,-0.23138832997987926,0.033677124081731076,-0.006207632221878106,-0.09911504424778764,-0.14866599306371003,-0.038554771774173935,0.050929814037192614,0.12926414023582825,0.11641137855579872,0.07125890736342043,0.09273182957393483,0.0932016710976073,0.048117534267872394,0.1999199862833628,0.18535557895903773,-0.06086956521739117,0.13733905579399133,-0.044340723453909076,0.08333333333333341,-0.22857142857142848,0.06825478363101964,0.4718380436961316,0.5067819933162966,0.4428865979381444
2018-06-01,7.06,0.0,0.0,-0.010224948875255624,-0.05394605394605386,0.023701002734731032,0.09090909090909081,-0.08351287575664308,-0.09999999999999994,-0.3380306173537646,-0.0008201931554881486,-0.10697282150338709,-0.160181601233957,-0.0532805090341557,-0.038262103596965184,0.04520990312163608,-0.018725003029935783,-0.06768558951965066,-0.03488372093023256,-0.07317515764641834,0.08544385412905554,0.12347294938917967,0.1569620253164558,-0.09401709401709392,0.11934156378600824,-0.147986942328618,0.027027027027027053,-0.09677419354838701,0.039969097163316855,0.559021009313407,0.6035402004691831,0.4947974319238431
2018-07-01,5.6,0.0,0.0,-0.05,-0.06262425447316101,-0.03336259877085172,0.018575851393188823,-0.10097248086074892,-0.19889502762430938,-0.028540986424051173,-0.013253704223282259,-0.14482011992005334,-0.1513298567102373,-0.06600047869794157,-0.07297806993911313,-0.00666624341311652,-0.09896756063290359,-0.045563549160671464,-0.022556390977443608,-0.03698764562312857,0.1081013418786301,0.025573672994003056,0.0780401066877407,-0.10278372591006414,0.07659574468085094,-0.16435432230522937,0.0,-0.1875,0.015166557493318977,0.5247587075115402,0.5288560279318135,0.5185423365487676
2018-08-01,-0.02,0.0,0.0,-0.03427419354838716,-0.045999999999999944,-0.07185628742514974,0.12134344528710729,-0.14854780153287606,-0.2283464566929135,0.20876914873511482,-0.021898196891740773,-0.1437426004596421,-0.2334312598458721,-0.1159309288399944,-0.09214183716848884,0.09340067340067343,-0.025313475010302063,0.030534351145038167,0.031496062992125984,0.046153028127824784,0.2211325966850829,0.25920778318276577,0.3819424166325995,-0.08053691275167774,0.013698630136986415,-0.11923509561304842,-0.025641025641025664,-0.25000000000000006,-0.02183351450062903,0.4233079695634762,0.4235935370839011,0.4155735998334373
2018-09-01,-1.43,0.0,0.0,-0.05717151454363092,-0.05273833671399583,-0.08530405405405413,0.0890336590662324,-0.20706924780891842,-0.20898876404494376,0.25598057652654277,-0.041444854285049765,-0.19767981438515084,-0.35209760113768196,-0.15221937398812746,-0.07197541212629223,0.05098784710435209,-0.03640433553251637,0.007462686567164179,0.01288659793814433,0.027390140588862088,0.1611394557823129,0.14217071791972868,0.18933751470011762,-0.06744186046511629,-0.037914691943128,-0.08421052631578954,-0.025641025641025664,-0.21875000000000003,-0.021475504301878265,0.4232294617563738,0.4296591733139957,0.4089905679309652
2018-10-01,1.05,0.0,0.0,-0.05668016194331978,-0.0641547861507128,-0.10918544194107459,0.09912854030501099,-0.20792754187767828,-0.13754227733934613,1.2091494611664941,-0.0333601150488484,-0.2102197404892942,-0.4400504630477989,-0.14651374063138767,-0.034666934278896576,0.0783205490512716,-0.07030473182429672,0.03807106598984772,0.047493403693931395,0.039155664395229925,0.06597958977467921,0.18128919270097738,0.21550987872231392,-0.09176470588235297,0.025252525252525162,-0.04975728155339807,0.0,-0.09375000000000008,-0.0231220919469597,0.3971230881281865,0.39656369316209655,0.37218774243599684
2018-11-01,1.11,0.0,0.0,-0.06983805668016185,-0.06020408163265312,-0.10233393177737886,0.08143322475570033,-0.26249398170438126,-0.1380798274002157,0.010681807051228264,-0.04262159769418686,-0.2603517822352715,-0.5102196197318605,-0.1776672643413737,-0.09212866190372199,0.08063214525891063,-0.060479541930096546,-0.0024875621890547263,0.012953367875647668,-2.639776146980335e-05,-0.0882668510526693,0.20033018330866445,0.1329029385574354,-0.0877598152424942,0.035714285714285636,-0.011920529801324485,-0.026315789473684233,-0.15151515151515146,-0.031618364286931294,0.0398798598364759,0.0415534601246604,0.0003530450132392432
2018-12-01,0.76,0.0,0.0,-0.04564315352697101,-0.038541666666666696,-0.08853681267474371,0.09415584415584402,-0.21559820334830535,-0.12022471910112363,-0.5110117299123141,-0.05005396743413003,-0.21224435708291,-0.43449290014245673,-0.16064530264417262,-0.046151829028451566,0.12390924956369989,-0.06485498972368112,-0.0049261083743842365,0.010230179028132993,-0.023603603603603644,-0.06860696517412931,0.2627398689779117,0.14769949481232006,-0.021028037383177534,0.060913705583756285,-0.06297229219143577,-0.05128205128205133,-0.12499999999999993,-0.03818789796399465,-0.11815656152966167,-0.12069771063697234,-0.15516051087331714
2019-01-01,3.01,0.0,0.0,-0.0372285418821097,-0.03882476390346278,-0.04811320754716976,0.06932773109243691,-0.1831043256997455,-0.09059633027522943,7.124115736020729,-0.03714584787159806,-0.16898144857488093,-0.3952569169960474,-0.14096496266513503,-0.028034469705404207,0.06994353182751543,-0.08707833688221461,-0.07239819004524888,-0.04739336492890995,-0.05715259353017054,-0.10087496184759391,0.23449590669507678,0.09179372430660361,-0.013953488372092933,0.03864734299516912,0.034974093264248766,-0.07500000000000007,-0.09677419354838701,-0.06419041026271581,-0.14570436358145863,-0.14088998405566014,-0.1908277053557405
2019-02-01,-3.46,0.0,0.0,-0.0408997955010225,-0.04244306418219456,-0.04595588235294118,0.02337398373983737,-0.14456066945606688,-0.042908224076281386,-0.5827394946027595,-0.04392184228890444,-0.1500761163734777,-0.3935025930258954,-0.08385888377827291,-0.013949285593268225,0.037708129285014665,-0.09055979507978014,-0.04,-0.024330900243309004,-0.05284453163315353,-0.04709829093694689,0.14006087321578503,0.13956392777228507,-0.016091954022988367,0.05555555555555549,0.019059720457433222,-0.07500000000000007,-0.03333333333333337,-0.08071478320024611,-0.036716041601008484,-0.019718740446346777,-0.1161331832073347
2019-03-01,4.24,0.0,0.0,-0.05870445344129552,-0.026915113871635553,-0.05121293800539086,-0.04223968565815321,-0.17774748322147654,-0.027194066749072963,-0.034272801632499336,-0.045450429428195285,-0.18857531259292834,-0.35571103829008355,-0.1032055266051536,-0.02804529108540515,-0.033604651162790704,-0.06572122282308794,-0.05581395348837209,-0.045454545454545456,-0.05221809169764558,-0.045536653096438603,0.0076938549733479465,0.07071863454233233,0.009009009009009016,-0.05909090909090924,-0.004968944099378997,-0.07500000000000007,0.0,-0.08379526010691112,-0.005921770297646916,-0.0006019563581641272,-0.07345442957297642
2019-04-01,-3.38,0.0,0.0,-0.04979674796747973,0.0199161425576519,-0.03545454545454551,-0.09038461538461544,-0.15858328015315887,0.032552083333333336,0.5055706258316212,-0.045996274315630616,-0.16077184175247428,-0.3680106485482413,-0.11790587245296633,-0.027956563740267105,-0.08035307517084274,-0.07341658733269858,-0.08425720620842572,-0.07339449541284404,-0.0905076236519152,-0.10110633066994472,-0.007344433824638964,-0.06700958615852226,0.07305936073059367,-0.11440677966101696,-0.039379474940334135,-0.07500000000000007,0.03703703703703707,-0.08455723630083976,-0.0030527692978631767,-0.006003071338824412,-0.036942098914354585
2019-05-01,0.08,0.0,0.0,-0.04365482233502535,0.055848261327713346,-0.043087971274685916,-0.10521327014218004,-0.1481280520889854,0.003926701570680591,0.11650148122944622,-0.03541477670131498,-0.1786363967110529,-0.38694466720128307,-0.06393948944216833,-0.0893658313830699,-0.04472611536099163,-0.07341658733269858,-0.09312638580931264,-0.08027522935779817,-0.10422456920511396,-0.13720642768850433,-0.045868063824720154,-0.06700958615852226,0.06481481481481466,-0.21132075471698117,-0.017094017094016947,-0.05128205128205133,0.0,-0.053134463607386974,-0.0898815198147897,-0.07984344422700593,-0.13060874535581596
2019-06-01,-5.91,0.0,0.0,-0.014462809917355284,0.06863780359028511,-0.08370436331255558,-0.015873015873015817,-0.13287809246613685,0.03229974160206718,-0.11685175284200863,-0.04781546922776982,-0.1588880426504188,-0.37364706425939404,-0.05792764117326307,-0.09761634506242906,0.18180165990185995,-0.025875378249861036,-0.01639344262295082,-0.00963855421686747,-0.03524229074889876,-0.1784161379998575,0.07966019417475727,-0.06031181619256026,0.09198113207547162,-0.23897058823529424,0.02809706257982128,-0.026315789473684233,0.0,-0.03295738086544898,-0.16976938038343992,-0.15813273041627876,-0.19016587677725114
2019-07-01,-3.33,0.0,0.0,0.0010526315789473085,0.08483563096500531,-0.08174386920980926,-0.011144883485309103,-0.10138089758342925,0.09517241379310352,0.26947737429309393,-0.02666711800148932,-0.11727854059142402,-0.3672420082995121,-0.04136075341149348,-0.07657254455203841,0.21066087178831636,0.08142924944063998,0.04522613065326633,0.04871794871794872,0.023436887623128497,-0.23155302516831597,-0.014352679650123224,-0.10102629890955733,0.10501193317422422,-0.21343873517786555,0.02809706257982128,-0.026315789473684233,0.07692307692307698,-0.03999203123623817,-0.1539837622127426,-0.14024717893605584,-0.1880293619424054
2019-08-01,-3.48,0.0,0.0,-0.020876826722338204,0.06498951781970638,-0.07557603686635947,-0.10531400966183581,-0.02179320146867231,0.11078717201166194,-0.2913908198468758,-0.013005212917202498,-0.04657177714518096,-0.3120237275332696,0.0412039589404321,-0.0478591840165214,0.007513703270308547,-0.10654104004348607,0.06172839506172839,0.07124681933842239,0.035628970775095255,-0.2615541228367832,-0.09161147902869751,-0.23445885982335288,0.11922141119221394,-0.14414414414414425,0.02809706257982128,-0.05263157894736847,0.1250000000000001,-0.03660324196977756,-0.18866066404051768,-0.1897989881033775,-0.19341079570525066
2019-09-01,-6.31,0.0,0.0,-0.00851063829787231,0.07708779443254805,-0.08033240997229919,-0.0847457627118644,0.01894813555204667,0.04403409090909082,0.04423653423974,0.011065735739691766,-0.041064198958935844,-0.29167196146159446,0.03341953451362648,-0.017594990064430677,0.015891472868216922,-0.08491258100012235,0.05432098765432099,0.07124681933842239,0.01608701150878957,-0.2164042475283779,-0.0006928977975749308,-0.10726057067520484,0.15960099750623458,-0.08866995073891612,0.0344827586206896,-0.05263157894736847,0.040000000000000036,-0.05616365804077633,-0.20329087048832273,-0.20961197058077607,-0.18886198547215485
2019-10-01,-5.38,0.0,0.0,0.019313304721030013,0.09793253536452666,-0.019455252918287938,-0.04856293359762146,0.0341817287593754,0.016993464052287546,0.4999333527197101,0.018739959488719652,0.002628009494744097,-0.2526778184747448,0.02557279331541541,-0.05023506173980341,0.04299263696493208,0.030512739855300553,0.03667481662591687,0.05289672544080604,0.01703424780347866,-0.16206161137440755,0.017934002869440458,-0.06539254262694388,0.2590673575129535,-0.08866995073891612,0.05619412515964234,-0.05263157894736847,-0.034482758620689495,-0.037571980700999576,-0.2536165776098006,-0.2622095190754319,-0.23703180212014138
2019-11-01,-2.77,0.0,0.0,0.06855277475516863,0.1444082519001087,0.025,-0.040160642570281124,0.21634678156417278,-0.008760951188986267,0.619447865768532,-0.034618219237133735,0.27139677239844173,0.08453689833526476,0.056197032445626856,-0.07809851088201598,0.035098637127388234,0.027996444895886215,0.04987531172069826,0.061381074168797956,0.042105541036403446,-0.02978634378514079,0.06018496561536636,-0.001817645902927906,0.5037974683544304,-0.08866995073891612,0.10857908847184981,-0.027027027027027053,0.0,-0.02779229785851457,-0.030808729139923004,-0.03728709528924351,0.006881948120698792
2019-12-01,-4.88,0.0,0.0,0.09565217391304345,0.14842903575297944,0.058282208588957087,-0.036597428288822835,0.32092660072878704,0.06002554278416351,0.4689129499872749,-0.020647158053228046,0.42747934656648356,0.3134108023186521,0.14513381326592292,-0.07232531500572736,-0.002866698518872371,0.0006715506715505812,0.06930693069306931,0.07088607594936709,0.056863417077478697,-0.025399284226269938,0.09122629814976357,-0.0017512305944718126,0.3269689737470165,-0.05263157894736836,0.12231182795698914,-0.027027027027027053,0.07142857142857129,-0.023783865318239193,0.1740177909562639,0.16631243358129638,0.22165474974463725
2020-01-01,-3.32,0.0,0.0,0.10096670247046194,0.1299126637554586,0.028741328047571766,-0.010805500982318215,0.35472215300274107,0.10340479192938214,-0.8814493321421559,-0.006102466353087886,0.3857299257586643,0.2686666666666666,0.17097045962101665,-0.0827491408934708,0.030286673863499956,0.020316719862509224,0.1,0.0945273631840796,0.09978056021685808,0.018755304101838743,0.12640806686046518,0.07001572851627662,0.18867924528301883,-0.03720930232558143,-0.17146433041301629,-0.027027027027027053,0.10714285714285703,-0.027683437717454802,0.08925415341109941,0.07305550868905007,0.11645962732919254
2020-02-01,3.64,0.0,0.0,0.06183368869936031,0.0918918918918919,-0.009633911368015415,-0.010923535253227493,0.1928344338469063,0.13823163138231642,-0.9672414430213929,0.017079543961578392,0.20870026701162564,0.15427469158017487,0.035700421831733026,-0.08471935853379156,-0.0047781972628598525,-0.03690881351953992,0.10294117647058823,0.10224438902743142,0.10407766990291259,-0.0014969229916283763,0.10002301495972378,-0.016758756107584892,0.10280373831775688,-0.10047846889952151,-0.23566084788029923,-0.027027027027027053,0.13793103448275876,-0.03930438766116214,-0.12726975298544088,-0.1423670668953687,-0.0804367606915378
2020-03-01,-1.39,0.0,0.0,0.023655913978494654,0.05851063829787234,-0.03787878787878788,0.005128205128205128,0.08940186200739708,-0.06099110546378649,-0.14724108047668338,0.031035187320305295,0.11034518864961088,0.055474095796676344,-0.0033718497194568874,-0.07674684994272624,-0.02286126819877278,-0.02929537534699668,0.21674876847290642,0.19548872180451127,0.22804173312763115,0.047963391898762836,0.13838015869055353,0.01608670295489892,-0.0022321428571430075,-0.14009661835748785,-0.21098626716604238,-0.027027027027027053,-0.07142857142857148,-0.021151745509671263,-0.4952186863144693,-0.5033880439692817,-0.48615649183147036
2020-04-01,3.06,0.0,0.0,-0.01176470588235288,-0.008221993833504596,-0.09613572101790753,0.052854122621564484,0.02616609783845288,-0.20302648171500623,-0.0016144163112108872,0.10863742278293573,0.034718327810349135,0.1327507347971646,-0.07330634940103843,-0.04102158841912424,-0.09028422812558061,0.007312945727063819,0.36561743341404357,0.32673267326732675,0.38947099412215697,0.07495726495726496,0.12344803121674344,0.097584202085004,-0.05319148936170213,-0.39234449760765544,-0.21987577639751557,-0.054054054054054106,-0.1785714285714286,-0.03348831001267998,-0.6932050160396617,-0.672191011235955,-0.7413496164083294
2020-05-01,-1.0,0.0,0.0,-0.03184713375796178,-0.047904191616766435,-0.11350844277673541,0.03813559322033892,-0.009299363057324891,-0.11603650586701442,-0.1469665397093216,0.140090028645478,0.021545003543586055,0.19462466862006422,-0.07777463536826795,0.002081061090425968,-0.15881458966565357,0.06327813368790039,0.2469437652811736,0.23192019950124687,0.27440790154100736,0.06722063037249278,0.047973242811501664,0.031275060144346334,0.10434782608695663,-0.27272727272727265,-0.24968944099378887,-0.027027027027027053,-0.1111111111111112,-0.025279503942089297,-0.5454137363459525,-0.560187154402382,-0.5305719921104536
2020-06-01,3.01,0.0,0.0,-0.02410901467505253,-0.06620553359683796,-0.04470359572400397,-0.01915322580645167,0.11812548412083665,-0.06257822277847308,0.31941574269272854,0.23050065734175298,0.18888426085224277,0.3363455296547654,0.017256929020447242,0.007949685534591258,-0.24138814845191717,0.08317484468112085,0.23809523809523808,0.21897810218978103,0.25225773718924405,0.045664873619064204,-0.09851175756485768,-0.03740358026488143,0.10151187904967597,-0.24154589371980667,-0.2832298136645964,0.0,-0.03571428571428574,-0.003436439867533288,-0.33969210174029446,-0.3691943127962085,-0.2995610826627652
2020-07-01,2.04,0.0,0.0,-0.01366982124079913,-0.10654936461388066,0.006923837784371938,-0.0030737704918032496,0.19349468561915736,-0.04282115869017639,-0.08324614623958196,0.305457985268239,0.27631095094506136,0.23223969875502223,0.09749121189034586,-0.02437182134045019,-0.194646816598036,0.09680250783699058,0.15384615384615385,0.14180929095354522,0.17360224661730916,0.02155058360038804,0.04304765640321632,0.13210335864634823,0.01511879049676032,-0.23618090452261306,-0.3031055900621118,0.0,-0.03571428571428574,0.021839138379849694,-0.31571242680546513,-0.33109374999999996,-0.2915507649513213
2020-08-01,6.42,0.0,0.0,0.020255863539445692,-0.10039370078740147,0.017946161515453612,0.07127429805615561,0.19505993461678167,0.0643044619422571,-0.10418616571513671,0.28744967041409153,0.29717464000545957,0.19349942679992882,0.09295142522156807,-0.016330390920554914,-0.08710801393728222,0.2809436895829108,0.1744186046511628,0.1543942992874109,0.1799420887318415,0.04993413595564137,0.05781692993114615,0.2310240132486889,0.006521739130434837,-0.21052631578947364,-0.23602484472049692,0.08333333333333341,0.07407407407407393,0.06308229671817596,-0.24674874284723433,-0.2529957805907173,-0.22757111597374186
2020-09-01,9.49,0.0,0.0,0.05042918454935625,-0.09343936381709733,0.02710843373493979,0.13616557734204793,0.24687090237215392,0.07482993197278912,0.1507139158302741,0.28970341162352137,0.372083405135275,0.25228736850689076,0.16247674045556626,-0.06437100056390516,0.05608546356352551,0.2773835852648608,0.1873536299765808,0.15914489311163896,0.20235991137885545,-0.01755257009345792,0.0880095091872617,0.3063291139240507,-0.010752688172043163,-0.20540540540540544,-0.22098765432098766,0.08333333333333341,0.07692307692307698,0.07165677522639693,-0.3237841439040639,-0.3407668859297288,-0.3046532045654083
2020-10-01,7.54,0.0,0.0,0.06631578947368418,-0.09217046580773053,0.036706349206349236,0.16770833333333326,0.265604565450006,0.08868894601542424,-0.4632617775065832,0.28731668186461706,0.38542318423945204,0.3573449658099504,0.18677996886351847,-0.10737740805604198,0.11725994615614714,0.15553046544442004,0.11084905660377359,0.1076555023923445,0.14472093491839608,-0.044144679166313205,0.1519849659384543,0.36507618283881316,-0.09053497942386839,-0.18918918918918923,-0.18984280532043524,0.05555555555555561,0.07142857142857129,0.06537998967808861,-0.30330015715034053,-0.31834259727134917,-0.2676917376806224
2020-11-01,3.37,0.0,0.0,0.07433808553971484,-0.11669829222011395,0.028292682926829325,0.20083682008368206,0.3085015027908975,0.10479797979797977,-0.7756124330583462,0.35300726699172463,0.3390671277045856,0.39878036067966216,0.26445079200207733,-0.10782535225267771,0.14459207599350676,0.17314533391590184,0.16152019002375298,0.1566265060240964,0.18674637754585072,-0.08086253369272237,0.10919745906772836,0.3435700575815739,-0.25925925925925924,-0.08108108108108115,-0.11850060459492136,0.08333333333333341,0.10714285714285703,0.07121127238085147,-0.29966887417218546,-0.3109658909786421,-0.2797055730809674
2020-12-01,4.32,0.0,0.0,0.07638888888888892,-0.10660377358490564,0.05024154589371983,0.1950718685831622,0.29261083743842353,0.04939759036144571,-0.05890257155690045,0.4072784990320009,0.33079753315962446,0.2630520638914381,0.23116421921489594,-0.12813325760007901,0.19052467656923813,0.17083345316926368,0.2037037037037037,0.20094562647754138,0.23858817660264414,-0.07771779342851665,0.05667283742847525,0.2732919254658386,-0.20863309352517972,-0.08585858585858583,-0.15089820359281436,0.11111111111111122,0.03333333333333337,0.09504494733858512,-0.23078137332280985,-0.24267274107820802,-0.21321070234113712
2021-01-01,0.42,0.0,0.0,0.1073170731707317,-0.0734299516908212,0.0703275529865125,0.24131082423038724,0.2772004046721236,0.07657142857142861,1.356206840258008,0.45035184307434295,0.22244991173602272,0.4098585309057937,0.254705129962085,-0.1220840201808282,0.36486407823505446,0.11884826793128195,0.20842572062084258,0.2,0.2153755868544601,-0.06883625357509794,0.11476269204403394,0.28864142538975507,-0.11507936507936509,-0.12560386473429944,0.09969788519637464,0.11111111111111122,0.09677419354838718,0.09643705329999444,-0.13029368813889342,-0.14229559748427678,-0.09422809457579974
2021-02-01,-2.49,0.0,0.0,0.1696787148594378,-0.03267326732673265,0.09727626459143969,0.2660642570281125,0.5116350589441313,0.09628008752735226,10.835529004245867,0.43040345614513514,0.39934962473072555,0.6954754065649007,0.4036556264914232,-0.13880406487785338,0.4536186355284215,0.14940938948366547,0.23777777777777778,0.22624434389140272,0.24516355962011963,-0.04619655746807325,0.1575445643986945,0.3440460709641463,-0.012711864406779579,-0.037234042553191404,0.2153344208809136,0.11111111111111122,0.09090909090909081,0.10939018798716175,0.1332708528584817,0.12654545454545457,0.16881060755986543
2021-03-01,1.15,0.0,0.0,0.2510504201680671,0.010050251256281407,0.15354330708661426,0.26428571428571435,0.8649028330601733,0.30175913396481724,0.18756644934946068,0.4197931927723633,0.619614931237721,1.1396590645982867,0.7181198181331907,-0.1315136476426799,0.5094815909370768,0.15843086121359293,0.06275303643724696,0.07966457023060797,0.07343923004854784,-0.07102425876010787,0.1948974224092582,0.30640455349882817,0.055928411633109625,0.06179775280898869,0.2642405063291139,0.08333333333333341,0.30769230769230776,0.07553529506156949,0.9822981366459625,0.9766525166767739,1.0866800535475234
2021-04-01,2.93,0.0,0.0,0.3214285714285713,0.08186528497409332,0.24087591240875905,0.2670682730923696,0.9979058881497904,0.5822784810126581,-0.254305336770083,0.3230404578103414,0.7705459203783996,1.063494706461863,1.0388099649989704,-0.11137331285662551,0.8258117214621198,0.12219694714720115,-0.12234042553191489,-0.09701492537313433,-0.12197903255471776,-0.08563250377673531,0.26924985339889035,0.2829352938490341,0.1617977528089887,0.779527559055118,0.33280254777070045,0.1142857142857144,0.5652173913043477,0.10285493329896246,1.991920152091255,1.7750642673521848,2.7354721549636802
2021-05-01,5.06,0.0,0.0,0.40789473684210525,0.1331236897274632,0.2825396825396826,0.36428571428571416,1.248939179632249,0.5752212389380531,-0.18852140328455308,0.3047946499414365,0.9711044817538507,1.2344696693189283,1.2995268553404016,-0.10800295247269592,1.1215342922659997,0.07624203685149207,-0.03333333333333333,-0.022267206477732792,-0.06114954655196898,-0.041024539547870845,0.2908112227885486,0.4446442457231727,0.07874015748031503,0.5592105263157895,0.4569536423841061,0.11111111111111122,0.5833333333333334,0.11411409623137354,1.1856484529295592,1.1934235976789171,1.2822128851540617
2021-06-01,11.96,0.0,0.0,0.34693877551020424,0.1735449735449736,0.2217700915564598,0.33915724563206595,0.8208059115575568,0.43791722296395186,-0.08188773759075381,0.21368853703249613,0.5299852244512482,0.9326681571030334,1.008918765134774,-0.0995232865771477,0.9768903304277315,0.10817781542363919,-0.10384615384615385,-0.09181636726546906,-0.11151851551738111,0.06720690322759082,0.3141147132169577,0.4391190404193127,0.11372549019607846,0.5159235668789808,0.5355285961871751,0.054054054054054106,0.40740740740740733,0.07041570913926719,0.8195641155600607,0.8299524167292761,0.8637075718015667
2021-07-01,8.9,0.0,0.0,0.3262260127931771,0.2396061269146607,0.15127701375245586,0.29804727646454265,0.6684549356223175,0.44210526315789467,-0.19216682859816825,0.11472291634476559,0.5313328339287773,0.8628953255450119,0.7882378731229676,-0.06451612903225806,0.8251720747295967,0.082332579989042,-0.1375,-0.1284796573875803,-0.13639329997824667,0.12349622978184548,0.19709504559556254,0.3247647773826137,0.1893617021276595,0.5657894736842104,0.6024955436720142,0.054054054054054106,0.4444444444444444,0.03126708934728592,0.7418588067506537,0.7376781125905162,0.7781595092024538
2021-08-01,5.83,0.0,0.0,0.33751306165099265,0.23741794310722086,0.14789422135161615,0.31451612903225806,0.6808510638297872,0.48581997533908766,0.6608661891659502,0.12005050720313695,0.5018019202946206,0.8143864063747178,0.6540244999653955,-0.03361322992115879,0.7182938261684747,-0.000774386282743168,-0.201980198019802,-0.1934156378600823,-0.20765311427680153,0.11457999007965448,0.32181487508375617,0.45524663677130034,0.21166306695464374,0.5866666666666666,0.4715447154471545,-0.025641025641025664,0.48275862068965525,-0.004757914005433782,0.5854051565377534,0.5820153637596023,0.5989140698772428
2021-09-01,10.62,0.0,0.0,0.3186925434116444,0.22916666666666657,0.16520039100684267,0.27325023969319284,0.6118546845124283,0.5341772151898735,-0.06673594830569696,0.12139564313477354,0.48373565095074234,0.8588117316107522,0.5441127768087783,0.01673152260786392,0.4187138728323699,-0.009770787099283092,-0.21104536489151873,-0.1987704918032787,-0.2106211180124224,0.1183150509824906,0.19992716678805542,0.3628472222222222,0.25434782608695655,0.24489795918367355,0.4389857369255152,-0.025641025641025664,0.5357142857142856,-0.001873316116444284,0.793103448275862,0.81552689218788,0.807070707070707
2021-10-01,7.83,0.0,0.0,0.31589338598223116,0.2183406113537118,0.1732057416267942,0.22301516503122212,0.7360263034288399,0.40613931523022423,-0.10264692245387341,0.13638760325736723,0.5992896114833938,1.2562444938020374,0.6217409840724991,0.05729273111247354,0.28326639892904953,0.00035594234110662395,-0.14861995753715498,-0.1468682505399568,-0.157953795379538,0.12133136094674553,0.05624957194190451,0.30221030988397707,0.25113122171945707,0.17333333333333334,0.3880597014925374,0.0,0.4,-0.0147518427023321,1.0566416040100253,1.0669631826043986,1.0571717682772575
2021-11-01,7.4,0.0,0.0,0.28341232227488156,0.2073039742212676,0.206831119544592,0.2317073170731708,0.5143560295324034,0.3737142857142857,4.07447237485686,0.14457497830843025,0.4607053747507656,0.9098911949919887,0.48166098492627435,0.08071973706200217,0.3064397520747978,-0.0032856284769042653,-0.18200408997955012,-0.17916666666666667,-0.19196123633879783,0.12387096774193551,0.34906231094978835,0.3899267399267399,0.29318181818181815,-0.08823529411764701,0.28532235939643336,-0.05128205128205133,0.3870967741935484,-0.035805264410659,0.8893617021276597,0.8683784408975249,0.9265206812652069
2021-12-01,11.2,0.0,0.0,0.23225806451612893,0.16684266103484685,0.19963201471941125,0.20704467353951883,0.36051829268292696,0.33639494833524697,-0.6915940980000833,0.08946625732739212,0.2498302783435166,0.5196959677353516,0.37518027674917165,0.0990100412128765,0.3308849423957338,-0.013381440354792237,-0.23076923076923078,-0.2263779527559055,-0.23280636391098583,0.13189719209627093,0.30527573163448135,0.4031279091416868,0.3068181818181817,-0.18784530386740336,0.33145275035260924,-0.07500000000000007,0.3548387096774193,-0.07115563404076186,0.4953827211163556,0.49007419290154414,0.5202975557917111
2022-01-01,15.5,0.0,0.0,0.19559471365638756,0.16475495307612092,0.20882088208820898,0.12479999999999995,0.3386620580398934,0.19639065817409765,-0.8868628817700446,0.25186280129114,0.3580033728175144,0.6047460005408132,0.3375808932618528,0.10384068278805121,0.17976713438819467,0.018050344118527302,-0.21651376146788992,-0.20643939393939395,-0.22134234669241917,0.17919126856324935,0.176198227527582,0.2936052540615278,0.3026905829596412,-0.24861878453038672,0.25137362637362626,-0.07500000000000007,0.1764705882352941,-0.0703626952924405,0.5656716417910448,0.5679193400549956,0.5953934740882918
2022-02-01,4.5,0.0,0.0,0.2163090128755364,0.1637666325486182,0.28546099290780147,0.15226011102299777,0.3678285636782855,0.10279441117764468,-0.43900357083681557,0.24076238830830662,0.4927146863294961,0.7967120264803237,0.4203293279928794,0.1726127330591603,0.19319849942913062,0.003661219524368134,-0.2333931777378815,-0.22140221402214022,-0.23549905838041432,0.19315403422982888,0.2267288435816796,0.34934346924671744,0.2854077253218884,-0.19889502762430944,0.2013422818791945,-0.07500000000000007,0.08333333333333341,-0.062490184246852674,0.5471386040357262,0.5455132343447386,0.5533355909244835
2022-03-01,1.9,0.0,0.0,0.345088161209068,0.1870646766169154,0.2764505119453924,0.3728813559322033,0.5806654111738857,0.22557172557172558,-0.30445415830801187,0.07333353273115198,0.7244002794814067,0.6512217720936839,0.5230890170531053,0.1757142857142857,0.3685605906105967,-0.0054880028273455025,-0.1961904761904762,-0.18640776699029127,-0.19241068771943745,0.19956477585956778,0.638638197960232,0.7804708380624612,0.2860169491525425,-0.06878306878306872,0.1426783479349187,-0.07692307692307698,0.23529411764705868,-0.07396621631211273,0.7609274635751215,0.7731247123791993,0.7400160384923816
2022-04-01,-1.1,0.0,0.0,0.30057330057330073,0.16187739463601525,0.2663865546218486,0.34469096671949273,0.4643319563474937,0.215,0.7040601234688012,0.06166858025180136,0.5609109039469413,0.3881073738854444,0.40477512893569456,0.025698669401863068,0.29802781195242883,0.01233286314911985,-0.1292929292929293,-0.11363636363636363,-0.14311449997905232,0.2144927536231884,0.5186225033762173,0.7628759565759031,0.15473887814313342,-0.1725663716814158,0.07526881720430117,-0.10256410256410266,0.19444444444444448,-0.0968656376522443,0.6427323272438442,0.633163501621121,0.6493274995948792
2022-05-01,-1.7,0.0,0.0,0.2359813084112148,0.13320999074930626,0.23514851485148502,0.29768137621540774,0.3104631217838764,0.12734082397003754,0.10468986382497829,0.03583425030404819,0.5107614874258664,0.1833975824893826,0.24653419446614214,0.026788218793828925,0.1294749598768464,0.0,-0.058823529411764705,-0.051759834368530024,-0.042982171799027524,0.24055098269779948,0.6177577681009667,0.7570731707317072,0.08394160583941604,-0.1983122362869199,-0.01022727272727271,-0.1250000000000001,0.13157894736842102,-0.12904800350171688,0.6581325301204817,0.6515285126396236,0.6814973918379869
2022-06-01,-9.0,0.0,0.0,0.24162679425837305,0.13074842200180342,0.3172356369691923,0.2762854950115119,0.3430564362714016,0.08913649025069632,0.32759261266042494,0.03240284198323101,0.49449433503912704,0.11000035702809807,0.1538704747852663,0.023130119045969122,0.14749111293409892,0.0,-0.04721030042918455,-0.03076923076923077,-0.0251715725392735,0.14196491046207266,0.44181721572794885,0.6094904570127821,0.022887323943661955,-0.22268907563025203,-0.045146726862302325,-0.10256410256410266,0.1052631578947368,-0.12295688154643473,0.6267409470752089,0.6433556863281786,0.6053516391145981
2022-07-01,-5.3,0.0,0.0,0.1382636655948552,0.088261253309797,0.3276450511945392,0.1662707838479811,0.08553054662379428,0.02919708029197083,-0.059205805908675004,0.025810275357400617,-0.00597371565113492,0.021160200613771427,0.044308538894261666,0.08739310344827587,0.15996839421039408,0.0,0.00966183574879227,0.012285012285012284,0.021838790931989965,0.028665112585495804,0.2435308438371226,0.2998266897746968,0.025044722719141425,-0.27731092436974786,-0.058954393770856435,-0.15384615384615383,0.025641025641025664,-0.1389729900244499,0.43395196506550215,0.4641752923780078,0.3780016560861165
2022-08-01,-3.9,0.0,0.0,0.08359374999999991,0.06366047745358093,0.3063139931740613,0.11656441717791402,-0.015672091621458675,-0.08298755186721991,-0.20689566592410738,0.02084393684981623,-0.10147834159499737,-0.12534112769733222,0.11495599536940172,0.10524919411538398,0.12949612252055634,0.0,0.06947890818858561,0.07397959183673469,0.08280839895013126,0.00693717277486905,0.1609905441177058,0.17977320350055478,-0.007130124777183606,-0.22689075630252095,-0.05745856353591175,-0.13157894736842102,-0.09302325581395345,-0.1396031925460813,0.39349499056192816,0.40816909454441586,0.35198582607411766
2022-09-01,-7.1,0.0,0.0,0.06351665375677783,0.06958073148974141,0.2818791946308725,0.11370481927710838,-0.09489916963226572,-0.09488448844884488,0.055007655722067575,0.017595850205308686,-0.2302899998307065,-0.12469960133681786,0.10693118856121532,0.13033505154639174,0.32696715049656233,0.0,0.0975,0.09462915601023018,0.11039420882838942,0.03617852680826182,0.18279542446778818,0.2417123389127536,-0.05719237435008652,-0.043715846994535554,-0.06497797356828192,-0.15789473684210525,-0.09302325581395345,-0.15858071306616106,0.21181318681318684,0.20857908847184992,0.1720234768026831
2022-10-01,-0.8,0.0,0.0,0.025506376594148363,0.04390681003584235,0.21696574225122345,0.11086797957695126,-0.18127705627705626,-0.08816120906801007,0.2626796137236102,0.005825643140691783,-0.32151116199198626,-0.42870106086353965,0.062270815358067375,0.2659536082474227,0.433590653035677,0.0,0.07481296758104738,0.06329113924050633,0.07554022628099612,0.04411493100445906,0.19835859517043705,0.23480982321594712,-0.03616636528028936,-0.07386363636363642,-0.1720430107526882,-0.15789473684210525,-0.07142857142857137,-0.15306754855306048,0.10077991713380448,0.11332934847579186,0.07304476143630119
2022-11-01,1.2,0.0,0.0,0.004431314623338215,0.015124555160142246,0.1588050314465409,0.061527581329561445,-0.16197183098591553,-0.048252911813643905,-0.49075467525390937,-0.0018928383739263439,-0.29456606869801966,-0.4822141906030056,0.14459167267283907,0.2646907216494845,0.2902862656802831,0.0,0.1,0.09137055837563451,0.10289261656320166,0.042479908151549874,-0.11302680355164717,0.11392805376202403,-0.10896309314586995,-0.006451612903225812,-0.3020277481323372,-0.10810810810810806,-0.046511627906976785,-0.10625266259124642,0.09334334334334327,0.12752259502290453,0.07072493053801457
2022-12-01,-0.4,0.0,0.0,-0.004487658937920676,0.012669683257918604,0.13957055214723918,0.0483985765124556,-0.18991596638655464,0.0068728522336769515,1.9444636028846192,-0.0036953473905091024,-0.25970447693046467,-0.4267579226723541,-0.0013959651646459615,0.4292654639175256,0.14254933091403937,0.0,0.1675,0.1628498727735369,0.1717810736317102,0.04034756129574212,-0.079946294375517,0.025264722273824956,-0.1808695652173913,0.05442176870748304,-0.3538135593220339,-0.054054054054054106,0.0,-0.06325078203180338,0.0713599560861807,0.08868254609070116,0.06976093946595827
2023-01-01,-1.8,0.0,0.0,-0.03168754605747961,-0.010743061772605218,0.07743857036485463,0.04907539118065438,-0.24475524475524474,0.03637976929902391,5.49630770389288,-0.208528121837197,-0.2995411923051182,-0.5172580255853246,-0.08015324314760879,0.5077577319587628,0.09457016846215012,0.0,0.2107728337236534,0.2100238663484487,0.20213320104179588,-0.06949396859115398,-0.0431485693614805,0.016353142368533573,-0.19965576592082604,0.13235294117647053,-0.32930845225027433,-0.054054054054054106,0.049999999999999906,-0.048210467797184034,-0.041825548141086806,-0.02852800187068862,-0.060274302213667044
2023-02-01,8.9,0.0,0.0,-0.0776287932251235,-0.014072119613016786,-0.04344827586206904,0.009635237439779608,-0.32622706990580064,0.13303167420814482,1.457411520520221,-0.17406493874085158,-0.37598202790404367,-0.5755927013096539,-0.22104478173135975,0.5814898811515534,0.01900075182830976,0.0,0.1522248243559719,0.14218009478672985,0.15519152605000616,-0.16417837626854023,-0.08094887284514521,0.01088348271446863,-0.22370617696160264,0.055172413793103496,-0.2603351955307262,-0.054054054054054106,0.15384615384615383,-0.05526410918805497,-0.1420782552918538,-0.13627819548872191,-0.16241552212775226
2023-03-01,10.8,0.0,0.0,-0.20099875156054925,-0.04358759430008385,-0.09558823529411754,-0.1851851851851852,-0.4765687053216838,0.07718405428329088,0.4359664526910803,-0.024494345493811503,-0.4529646137223123,-0.5692162131166342,-0.43114038673807287,0.6556136087484811,-0.15807826423866708,0.0,0.12796208530805686,0.11694510739856802,0.13209539950384405,-0.17492683162808695,-0.36264720368960734,-0.23944067448077316,-0.20263591433278424,-0.13636363636363635,-0.23439211391018624,-0.027777777777777804,0.0714285714285715,-0.028417430401114014,-0.3196619217081851,-0.3206159702396401,-0.3237164715641994
2023-04-01,4.1,0.0,0.0,-0.19143576826196476,-0.043693322341302535,-0.14200398142003967,-0.1979964643488509,-0.45263157894736844,0.22962962962962968,-0.20420738618353074,-0.026565668337023556,-0.4026171601079192,-0.5074189438601759,-0.4711349364059748,1.2069999999999999,-0.1638854582531522,0.0,0.16241299303944315,0.14219114219114218,0.1804625238351342,-0.16243436754176613,-0.35138424094919374,-0.23643191729930538,-0.11222780569514237,-0.16042780748663102,-0.1977777777777778,0.0285714285714286,0.2325581395348838,0.013771051297703956,-0.2025916255681269,-0.20485914161467197,-0.21949302416977798
2023-05-01,3.1,0.0,0.0,-0.21550094517958407,-0.04163265306122444,-0.18704074816299257,-0.2547550432276656,-0.4821116928446771,0.3056478405315613,-0.01258700570694187,-0.060294741157998155,-0.45596766302448577,-0.45201773419685404,-0.49649494620149986,1.148340390657014,-0.2224219928082589,0.0,0.09913793103448276,0.08078602620087336,0.11249604841259087,-0.19020537124802533,-0.4057438751767873,-0.2959084033774339,-0.10606060606060619,-0.18947368421052627,-0.18943742824339851,0.0285714285714286,0.302325581395349,0.027319563265113343,-0.32679382379654853,-0.3263326510634511,-0.34680656934306564
2023-06-01,2.2,0.0,0.0,-0.21001926782273597,-0.05422647527910695,-0.24209860935524644,-0.23872519542994597,-0.453257790368272,0.2975277067348678,-0.3409036741373932,-0.08150256966997334,-0.4557524482046499,-0.4030556449018977,-0.42508106133260265,1.1463847425026412,-0.20505793690983282,0.0,0.15765765765765766,0.12471655328798185,0.15951350719214125,-0.1826619766254396,-0.32348837821474635,-0.2482429991949346,-0.13769363166953527,-0.20540540540540544,-0.2588652482269505,0.0,0.28571428571428586,0.025936984276214457,-0.37277397260273964,-0.3763324450366422,-0.38711929487738894
2023-07-01,1.3,0.0,0.0,-0.12146892655367224,-0.04379562043795614,-0.23457583547557842,-0.14528173794976243,-0.231042654028436,0.296985815602837,0.23947801143806488,0.00606656447006089,-0.16859100545124175,-0.23285039006955915,-0.259332202947698,0.6448703637931908,-0.249527819921355,0.0,0.30861244019138756,0.27184466019417475,0.31498508640027617,-0.09754457615300333,-0.21105813255865358,-0.09673202614379085,-0.16579406631762655,-0.20348837209302317,-0.3581560283687944,0.09090909090909081,0.3,0.08637845826548428,-0.24838218500190326,-0.2645978699963276,-0.2349524286429644
2023-08-01,-3.82,0.0,0.0,-0.12184571016582547,-0.04821280133000829,-0.25342913128674066,-0.14148351648351645,-0.2296387017758727,0.3411764705882352,0.055370732832734394,0.01296764844299683,-0.1609532628295726,-0.1488696037645775,-0.29538147837726264,0.5387135878632212,-0.283708252829147,0.0,0.4733178654292343,0.4251781472684085,0.5173918312931766,-0.08787209151176383,-0.28016375035475805,-0.17510317087185923,-0.15080789946140033,-0.22826086956521746,-0.3352872215709261,0.09090909090909081,0.358974358974359,0.07705383970493412,-0.1172241325414192,-0.12616632860040566,-0.11106257507917427
2023-09-01,-4.95,0.0,0.0,-0.113619810633649,-0.05421184320266889,-0.2670157068062828,-0.14604462474645036,-0.20773263433813885,0.4831358249772104,-0.12993400286972548,-0.018596263972825648,-0.08766990718338981,-0.23345260107741195,-0.282041180117805,0.5455799530291631,-0.2841745026546409,0.0,0.4123006833712984,0.37149532710280375,0.44061791383219945,-0.16421241662390967,-0.26054783503847934,-0.2492246027580283,-0.09926470588235294,-0.11999999999999998,-0.2956419316843345,0.0937499999999999,0.487179487179487,0.07876158018420122,0.04534119247336205,0.0425909494232476,0.06808155478717054
2023-10-01,-8.3,0.0,0.0,-0.11704462326261877,-0.03862660944206009,-0.23190348525469168,-0.1805646749835851,-0.2068737607402512,0.46593001841620624,0.039251344430057684,-0.08932482176972174,-0.09531040844103986,-0.12170656809233638,-0.2804936861475983,0.3330075938028054,-0.32850157177785544,0.0,0.3689095127610209,0.3404761904761905,0.396214955541519,-0.17054557400247644,-0.23751254662749668,-0.31932869048978185,-0.06566604127579731,-0.030674846625766763,-0.277922077922078,0.06250000000000006,0.46153846153846134,0.07499529596804458,-0.013838149009188531,-0.022226994523783884,-0.019367407746963234
2023-11-01,-4.41,0.0,0.0,-0.1132352941176471,-0.021910604732690624,-0.2096336499321574,-0.19387075283144567,-0.1978021978021978,0.41083916083916083,0.8892870799553172,-0.11846850624842731,-0.1218833928986825,-0.08862261911490414,-0.32284451441026873,0.4474526187079682,-0.3417050978436994,0.0,0.35909090909090907,0.3325581395348837,0.3762634730538923,-0.155411493792551,-0.18761016134031044,-0.3291615406454055,-0.03747534516765293,0.08441558441558435,-0.19724770642201836,0.06060606060606049,0.39024390243902435,0.059497923059645505,-0.06900892652780959,-0.08663665312397043,-0.08669497523000701
2023-12-01,-2.54,0.0,0.0,-0.10518407212622088,-0.006255585344057219,-0.20121130551816954,-0.1663272233537,-0.15421853388658366,0.14505119453924903,-0.49776276449878765,-0.09599273100041937,-0.13492274481863908,-0.09452228105524568,-0.24606170701938632,0.2763567184499283,-0.3166253101736972,0.0,0.37901498929336186,0.3347921225382932,0.4104034588588455,-0.12018369458252377,-0.15444347335474626,-0.2464473377682292,0.016985138004246298,0.051612903225806354,-0.1295081967213115,0.0285714285714286,0.14285714285714285,0.029676906493261854,-0.030101191238631926,-0.03757725587144631,-0.05802404600104545
2024-01-01,-5.51,0.0,0.0,-0.10502283105022839,-0.014479638009049722,-0.1796821008984104,-0.18711864406779657,-0.12749287749287752,0.16780821917808228,-0.7887271294378254,-0.037844996879234045,-0.10304999097635811,-0.07783018867924528,-0.28134224017399406,0.16393736859198985,-0.34401215403923635,0.0,0.2765957446808511,0.22287968441814596,0.3388494552657643,-0.028618018752547828,-0.20335502710317707,-0.2535755599957934,0.075268817204301,0.019480519480519497,-0.13420621931260232,0.0285714285714286,0.14285714285714285,0.01264150431794976,-0.034075363760726216,-0.034420507883018404,-0.05351427474075013
2024-02-01,-2.82,0.0,0.0,-0.10175975516449873,0.003568242640499605,-0.12977649603460698,-0.2242672119972733,-0.11037527593818984,0.12460063897763585,0.21194216926398485,-0.11416220344459559,-0.09794943051432668,-0.0024115678084636384,-0.2663775834466336,0.10626743566435769,-0.36571869340666713,0.0,0.2682926829268293,0.23236514522821577,0.32188932722038593,0.0874438153055863,-0.21072207259202258,-0.29449018366054464,0.15698924731182784,-0.006535947712418306,-0.21450151057401812,0.0,0.11111111111111108,0.007430102378885942,0.0037383177570093104,0.012694958287994334,-0.001821967725143162
2024-03-01,-2.36,0.0,0.0,-0.07109374999999996,0.007011393514461099,-0.08351810790835189,-0.1998556998556998,-0.009104704097116972,0.05039370078740162,-0.3504688414323635,-0.13272646768964144,-0.029977573400818868,0.11899215593059195,-0.13316684483331687,0.10021503482389893,-0.3253920492760806,0.0,0.28781512605042014,0.24786324786324787,0.31852205419713175,0.19357392043622282,-0.19737951384010116,-0.2569350565078679,0.18388429752066127,0.006578947368421058,-0.2575107296137339,0.0,0.0666666666666666,0.01554050183529571,0.09258532757944289,0.0881191901184261,0.09704238789696047
2024-04-01,3.32,0.0,0.0,-0.07165109034267915,0.0051724137931034,-0.04253673627223522,-0.18001469507714915,0.006923076923076967,-0.15261044176706834,0.30692065120937095,-0.1283077777671364,-0.06918745772153909,0.2688623578930805,-0.06933211646941181,0.46552997622757,-0.34165779258699464,0.0,0.18163672654690619,0.1510204081632653,0.19688121272365816,0.24927338006496844,-0.17805599653629678,-0.2799724998677878,0.14150943396226415,-0.0828025477707007,-0.28254847645429365,-0.027777777777777804,-0.15094339622641512,-0.021878774387851074,0.06730536017463026,0.07062180477945545,0.06482880161127903
2024-05-01,1.1,0.0,0.0,-0.0321285140562249,-0.005962521294718933,0.03779786359901392,-0.08197989172467136,0.07666385846672279,-0.255089058524173,0.11996213967353941,-0.08871127682360877,-0.08019827420080078,0.20512846347607044,-0.0003237817710863384,0.44694811800610396,-0.2623629447303647,0.0,0.23137254901960785,0.19797979797979798,0.2309612730372656,0.25260576333537704,-0.02821388814248971,-0.21297655952575187,0.10734463276836165,-0.019480519480519497,-0.2677053824362606,-0.027777777777777804,-0.2500000000000001,-0.005086057510927075,0.09889368591473284,0.08322324966974896,0.10085207431205473
2024-06-01,-0.1,0.0,0.0,-0.016260162601626018,-0.0042158516020236085,0.06672226855713094,-0.09004739336492884,0.13816925734024194,-0.2155059132720104,0.0532996469455338,-0.08200297270287688,0.069402793248222,0.24525028288162068,0.0035348319961870933,0.312200632340227,-0.27863753887660664,0.0,0.22957198443579765,0.19959677419354838,0.23711548159354504,0.23331297201243884,-0.10268482490272368,-0.2314037626628075,0.16766467065868262,-0.047619047619047665,-0.19936204146730463,0.0,-0.20370370370370378,-0.007459839227276439,0.10851760851760836,0.10241687808786222,0.123309127153638
2024-07-01,0.43,0.0,0.0,-0.028135048231511254,0.01781170483460555,0.07388748950461807,-0.12073073868149327,0.040061633281972174,-0.18318523581681484,-0.06984886051645804,-0.1428624357982781,0.020022766078543006,0.36759843703035766,-0.049941007624984615,0.4533179101600154,-0.2679676540968726,0.0,0.07861060329067641,0.06297709923664122,0.0701471553097759,0.2387483098319491,-0.12411446868120869,-0.24671490593342985,0.29497907949790797,-0.029197080291970826,-0.058931860036832304,-0.027777777777777804,-0.17307692307692313,-0.019357310057396097,0.05419093441377565,0.0649188514357054,0.054326482523890635
2024-08-01,6.6,0.0,0.0,-0.0008210180623973261,0.06550218340611354,0.1487314085739284,-0.11839999999999998,0.0818759936406995,-0.23144399460188925,-0.19509194098908914,-0.19135762716542315,0.08342045956181308,0.48235694754659914,-0.08446290822259493,0.21439770360605603,-0.17961562545156792,0.0,-0.07244094488188976,-0.06666666666666667,-0.09472843450479226,0.31868319794784095,-0.10848750054157096,-0.20571844721676905,0.3403805496828751,-0.028169014084507067,-0.07583774250440913,0.0,-0.22641509433962273,0.009470481733883316,-0.07790368271954667,-0.06151346332404825,-0.07186732186732196
2024-09-01,6.0,0.0,0.0,0.02382908792111743,0.05731922398589065,0.21875,-0.10055423594615996,0.17783291976840362,-0.22372464658881372,-0.04765177351215932,-0.15930909401676926,0.18470347155255545,0.5820141180401821,-0.06100950855950285,0.1036593911587457,-0.17354005629775257,0.0,-0.06451612903225806,-0.05281090289608177,-0.07484833579275288,0.40940483133306727,-0.049186727391021486,-0.14297063683742217,0.2857142857142856,-0.05844155844155849,-0.08193979933110371,0.0285714285714286,-0.22413793103448268,0.039516848293641216,-0.2147039687703318,-0.20968085106382972,-0.2235990176378656
2024-10-01,4.4,0.0,0.0,0.05136702568351286,0.06428571428571431,0.21291448516579412,-0.08333333333333327,0.2724999999999999,-0.185929648241206,0.6016213425382763,-0.10439521080638568,0.339430035063288,0.7933207654705277,-0.034377838729307414,-0.0036425560510721347,-0.17494581707845683,0.0,-0.1271186440677966,-0.11367673179396093,-0.12162655948217367,0.43035583719229825,-0.013986900485949723,-0.08470311975847031,0.21686746987951788,-0.06329113924050639,0.007194244604316554,0.058823529411764594,-0.19298245614035078,0.032359849395961676,-0.16962281095644363,-0.1691192620250385,-0.1632581512212224
2024-11-01,0.7,0.0,0.0,0.05887230514096193,0.06362007168458789,0.2017167381974249,-0.07933884297520656,0.32232070910556004,-0.2168525402726146,-0.7950645170379229,-0.08353022638736934,0.40714294315267247,1.0830077519379844,0.023945135417877458,-0.04320922472598247,-0.047003692132916684,0.0,-0.1454849498327759,-0.15008726003490402,-0.147914164882786,0.4147823252230092,-0.049827822262788826,-0.1050961029800741,0.2663934426229508,-0.08982035928143707,0.11047619047619049,0.0,-0.2105263157894736,-0.0164767454968588,-0.11137062077443133,-0.10555421976436644,-0.0999612553273926
2024-12-01,-1.9,0.0,0.0,0.06968933669185569,0.07553956834532366,0.1954507160909857,-0.0928338762214983,0.32542927228127555,-0.11102831594634868,0.11240348361631877,-0.13017437335381346,0.4624651202812504,1.1722953042362265,0.0010823733152624906,-0.048275667198824486,-0.019123698862261035,0.0,-0.18167701863354038,-0.18032786885245902,-0.20275099668037933,0.4081105885052197,-0.09704740618750735,-0.133793624622149,0.30062630480167024,-0.12883435582822084,0.09981167608286258,-0.055555555555555455,-0.0833333333333333,-0.03891594807425981,-0.04503433703116742,-0.051759568456203456,-0.03177025527191998
2025-01-01,1.6,0.0,0.0,0.06037414965986402,0.07162534435261705,0.2055602358887952,-0.06755629691409515,0.24897959183673468,-0.18475073313782991,4.271074397023992,-0.13030564767992023,0.40783354624374485,1.102488863451468,0.04798504022653522,-0.09401320282267242,0.024377047668845055,0.0,-0.18608017527888487,-0.1674046647718758,-0.21428765069334063,0.40025740025740025,-0.0904460120775842,-0.11385532102990394,0.24397528529281,-0.1037376202625223,0.10656037338835529,-0.05857921060069996,-0.09452687511311668,-0.050564162775861086,-0.07705366630558913,-0.08743083650241065,-0.0637053415627269
2025-02-01,0.4,0.0,0.0,0.07836456558773414,0.03911111111111116,0.2236951118475558,-0.010544815465729374,0.29032258064516125,-0.15838068181818188,0.9710156843427471,-0.060937033083523516,0.37501432549893243,1.0588293832935107,0.14875850880432062,-0.13698795095379435,0.07092172645845712,0.0,-0.1543111284955929,-0.15002367669647815,-0.18778472469675264,0.33764560631273827,-0.04900415768442479,-0.08626713773811846,0.15424319201083095,-0.06652114082524337,0.12494418258545581,-0.02690868017854564,-0.12501450880127996,-0.03540754111056702,-0.09536114742889379,-0.1154714128621932,-0.08301687967977188
2025-03-01,0.924797692400938,0.0,0.0,0.06980656013456683,0.029590948651000794,0.19919354838709669,-0.01082055906221824,0.2388973966309343,-0.12368815592203898,1.2323957903058254,-0.08096801840796433,0.24382096195945585,0.7694439872037131,0.11578228300567898,-0.22714659266769838,0.06250639361975129,0.0,-0.1463720664671664,-0.1466480485047774,-0.17496118016147247,0.1990224492803459,0.028327519066112323,-0.06689282852051436,0.08521011706651645,-0.04567117032899346,0.12711170509525432,-0.02690868017854564,-0.08855678000133325,-0.0060144662533802235,-0.12834025152358106,-0.12826735136765827,-0.1250364338828612
2025-04-01,0.188680173442365,0.0,0.0,0.07550335570469786,0.042881646655231566,0.2253634894991922,-0.006272401433691655,0.2070282658517952,-0.11295418641390204,-0.12078962574722979,-0.07680979547337281,0.25347511660423855,0.5743008160995171,0.11903099301877818,-0.544688348375566,0.05614128508555173,0.0,-0.09661875355869418,-0.11280294453301595,-0.12204120706162995,0.0895944528078098,0.01064206418382422,-0.08676558598237977,0.027810573684485935,-0.0006389520910486206,0.1292875964178322,-0.02690868017854564,-0.027793898668088863,0.04532055283590888,-0.1849407192012681,-0.18616449828032974,-0.18235827251026127
2025-05-01,0.91433240535098,0.0,0.0,0.054771784232365096,0.05227077977720646,0.21615201900237527,-0.08171861836562766,0.190923317683881,-0.06575576430401357,-0.15668028901794404,-0.08468038502107776,0.3662753484615841,0.6927425940102334,0.05445859378957481,-0.5452815762646326,0.020325356095009895,0.0,-0.15533802330822125,-0.15828993224557,-0.167801478089368,0.0545988519556802,-0.1003922282532311,-0.141606493464574,0.05752618550869725,-0.04696694768947687,0.1314719051149653,-0.02690868017854564,0.041649394284190566,0.043082737568093964,-0.10971524568542909,-0.09688941338834996,-0.112328805213001
2025-06-01,0.492520561077981,0.0,0.0,0.05785123966942149,0.06519898391193907,0.21579358874120402,-0.06857638888888894,0.18133535660091027,-0.13232830820770528,-0.28060675396498125,-0.06806088827987092,0.3482287936164343,0.7739848949288034,0.05376262631939887,-0.537445294089357,0.052250630268635516,0.0,-0.17062488458709016,-0.1624058806663345,-0.18466659656321857,-0.018055336680249404,-0.008031442863405845,-0.04632945789492374,0.06294939671643421,0.027914220706350017,0.165280826582544,-0.02690868017854564,0.017424989765953556,0.07037740310437758,-0.11141438530554475,-0.10653313512914374,-0.11700406238611613
2025-07-01,0.729623140928628,0.0,0.0,0.0760959470636889,0.06083333333333331,0.21422986708365915,-0.037940379403794064,0.23555555555555563,-0.13556485355648537,-0.040838102212094496,-0.09127940251749025,0.3152596141637222,0.5213234201617655,-0.010776613701608758,-0.5166322648427509,0.1388830094752296,0.0,-0.11033281308946609,-0.10464387391726573,-0.12368913630876208,-0.14356998061972343,0.053313006481136835,-0.02851389257084831,0.0045644540858060315,0.08201496916457884,0.1447572895194462,-0.02690868017854564,0.017424989765953556,0.07679600994273106,-0.1324445398990524,-0.13527188701868936,-0.13471974774295145
